/*
Navicat MySQL Data Transfer

Source Server         : localhost
Source Server Version : 50096
Source Host           : localhost:3306
Source Database       : jeecg

Target Server Type    : MYSQL
Target Server Version : 50096
File Encoding         : 65001

Date: 2014-05-28 15:22:34
*/

SET FOREIGN_KEY_CHECKS=0;

-- ----------------------------
-- Table structure for `act_ge_bytearray`
-- ----------------------------
DROP TABLE IF EXISTS `act_ge_bytearray`;
CREATE TABLE `act_ge_bytearray` (
  `ID_` varchar(64) collate utf8_bin NOT NULL default '',
  `REV_` int(11) default NULL,
  `NAME_` varchar(255) collate utf8_bin default NULL,
  `DEPLOYMENT_ID_` varchar(64) collate utf8_bin default NULL,
  `BYTES_` longblob,
  `GENERATED_` tinyint(4) default NULL,
  PRIMARY KEY  (`ID_`),
  KEY `ACT_FK_BYTEARR_DEPL` (`DEPLOYMENT_ID_`),
  CONSTRAINT `ACT_FK_BYTEARR_DEPL` FOREIGN KEY (`DEPLOYMENT_ID_`) REFERENCES `act_re_deployment` (`ID_`)
) ENGINE=InnoDB DEFAULT CHARSET=utf8 COLLATE=utf8_bin;

-- ----------------------------
-- Records of act_ge_bytearray
-- ----------------------------
INSERT INTO `act_ge_bytearray` VALUES ('111', '1', 'E:\\testworkplace\\maven\\jeecg\\jeecg\\jeecg-framework\\target\\classes\\deployments\\permission.bpmn20.xml', '110', 0x3C3F786D6C2076657273696F6E3D22312E302220656E636F64696E673D225554462D38223F3E0D0A3C646566696E6974696F6E7320786D6C6E733D22687474703A2F2F7777772E6F6D672E6F72672F737065632F42504D4E2F32303130303532342F4D4F44454C2220786D6C6E733A7873693D22687474703A2F2F7777772E77332E6F72672F323030312F584D4C536368656D612D696E7374616E63652220786D6C6E733A61637469766974693D22687474703A2F2F61637469766974692E6F72672F62706D6E2220786D6C6E733A62706D6E64693D22687474703A2F2F7777772E6F6D672E6F72672F737065632F42504D4E2F32303130303532342F44492220786D6C6E733A6F6D6764633D22687474703A2F2F7777772E6F6D672E6F72672F737065632F44442F32303130303532342F44432220786D6C6E733A6F6D6764693D22687474703A2F2F7777772E6F6D672E6F72672F737065632F44442F32303130303532342F44492220747970654C616E67756167653D22687474703A2F2F7777772E77332E6F72672F323030312F584D4C536368656D61222065787072657373696F6E4C616E67756167653D22687474703A2F2F7777772E77332E6F72672F313939392F585061746822207461726765744E616D6573706163653D22687474703A2F2F7777772E6D6F73736C652E636F6D223E0D0A20203C70726F636573732069643D227065726D697373696F6E22206E616D653D22E5AEA1E689B9E69D83E999902220697345786563757461626C653D2274727565223E0D0A202020203C73746172744576656E742069643D2273746172744576656E742D31222061637469766974693A696E69746961746F723D22696E69746961746F72223E3C2F73746172744576656E743E0D0A202020203C757365725461736B2069643D22757365727461736B3122206E616D653D22E58F91E8B5B7E794B3E8AFB7222061637469766974693A61737369676E65653D22247B696E69746961746F727D222061637469766974693A666F726D4B65793D223130223E3C2F757365725461736B3E0D0A202020203C73657175656E6365466C6F772069643D22666C6F77312220736F757263655265663D2273746172744576656E742D3122207461726765745265663D22757365727461736B31223E3C2F73657175656E6365466C6F773E0D0A202020203C757365725461736B2069643D22757365727461736B3222206E616D653D22E983A8E997A8E7BB8FE79086E5AEA1E689B9222061637469766974693A61737369676E65653D22E5B297E4BD8D3AE983A8E997A8E7BB8FE79086222061637469766974693A666F726D4B65793D223131223E3C2F757365725461736B3E0D0A202020203C73657175656E6365466C6F772069643D22666C6F77322220736F757263655265663D22757365727461736B3122207461726765745265663D22757365727461736B32223E3C2F73657175656E6365466C6F773E0D0A202020203C757365725461736B2069643D22757365727461736B3322206E616D653D22E680BBE7BB8FE79086E5AEA1E689B9222061637469766974693A61737369676E65653D22E5B297E4BD8D3AE680BBE7BB8FE79086222061637469766974693A666F726D4B65793D223132223E3C2F757365725461736B3E0D0A202020203C73657175656E6365466C6F772069643D22666C6F77332220736F757263655265663D22757365727461736B3222207461726765745265663D22757365727461736B33223E3C2F73657175656E6365466C6F773E0D0A202020203C656E644576656E742069643D22656E646576656E743122206E616D653D22456E64223E3C2F656E644576656E743E0D0A202020203C73657175656E6365466C6F772069643D22666C6F77342220736F757263655265663D22757365727461736B3322207461726765745265663D22656E646576656E7431223E3C2F73657175656E6365466C6F773E0D0A20203C2F70726F636573733E0D0A20203C62706D6E64693A42504D4E4469616772616D2069643D2242504D4E4469616772616D5F7065726D697373696F6E223E0D0A202020203C62706D6E64693A42504D4E506C616E652062706D6E456C656D656E743D227065726D697373696F6E222069643D2242504D4E506C616E655F7065726D697373696F6E223E0D0A2020202020203C62706D6E64693A42504D4E53686170652062706D6E456C656D656E743D2273746172744576656E742D31222069643D2242504D4E53686170655F73746172744576656E742D31223E0D0A20202020202020203C6F6D6764633A426F756E6473206865696768743D2233352E30222077696474683D2233352E302220783D2234302E302220793D2236302E30223E3C2F6F6D6764633A426F756E64733E0D0A2020202020203C2F62706D6E64693A42504D4E53686170653E0D0A2020202020203C62706D6E64693A42504D4E53686170652062706D6E456C656D656E743D22757365727461736B31222069643D2242504D4E53686170655F757365727461736B31223E0D0A20202020202020203C6F6D6764633A426F756E6473206865696768743D2235352E30222077696474683D223130352E302220783D223132302E302220793D2235302E30223E3C2F6F6D6764633A426F756E64733E0D0A2020202020203C2F62706D6E64693A42504D4E53686170653E0D0A2020202020203C62706D6E64693A42504D4E53686170652062706D6E456C656D656E743D22757365727461736B32222069643D2242504D4E53686170655F757365727461736B32223E0D0A20202020202020203C6F6D6764633A426F756E6473206865696768743D2235352E30222077696474683D223130352E302220783D223238302E302220793D2235302E30223E3C2F6F6D6764633A426F756E64733E0D0A2020202020203C2F62706D6E64693A42504D4E53686170653E0D0A2020202020203C62706D6E64693A42504D4E53686170652062706D6E456C656D656E743D22757365727461736B33222069643D2242504D4E53686170655F757365727461736B33223E0D0A20202020202020203C6F6D6764633A426F756E6473206865696768743D2235352E30222077696474683D223130352E302220783D223434302E302220793D2235302E30223E3C2F6F6D6764633A426F756E64733E0D0A2020202020203C2F62706D6E64693A42504D4E53686170653E0D0A2020202020203C62706D6E64693A42504D4E53686170652062706D6E456C656D656E743D22656E646576656E7431222069643D2242504D4E53686170655F656E646576656E7431223E0D0A20202020202020203C6F6D6764633A426F756E6473206865696768743D2233352E30222077696474683D2233352E302220783D223630302E302220793D2236302E30223E3C2F6F6D6764633A426F756E64733E0D0A2020202020203C2F62706D6E64693A42504D4E53686170653E0D0A2020202020203C62706D6E64693A42504D4E456467652062706D6E456C656D656E743D22666C6F7731222069643D2242504D4E456467655F666C6F7731223E0D0A20202020202020203C6F6D6764693A776179706F696E7420783D2237352E302220793D2237372E30223E3C2F6F6D6764693A776179706F696E743E0D0A20202020202020203C6F6D6764693A776179706F696E7420783D223132302E302220793D2237372E30223E3C2F6F6D6764693A776179706F696E743E0D0A2020202020203C2F62706D6E64693A42504D4E456467653E0D0A2020202020203C62706D6E64693A42504D4E456467652062706D6E456C656D656E743D22666C6F7732222069643D2242504D4E456467655F666C6F7732223E0D0A20202020202020203C6F6D6764693A776179706F696E7420783D223232352E302220793D2237372E30223E3C2F6F6D6764693A776179706F696E743E0D0A20202020202020203C6F6D6764693A776179706F696E7420783D223238302E302220793D2237372E30223E3C2F6F6D6764693A776179706F696E743E0D0A2020202020203C2F62706D6E64693A42504D4E456467653E0D0A2020202020203C62706D6E64693A42504D4E456467652062706D6E456C656D656E743D22666C6F7733222069643D2242504D4E456467655F666C6F7733223E0D0A20202020202020203C6F6D6764693A776179706F696E7420783D223338352E302220793D2237372E30223E3C2F6F6D6764693A776179706F696E743E0D0A20202020202020203C6F6D6764693A776179706F696E7420783D223434302E302220793D2237372E30223E3C2F6F6D6764693A776179706F696E743E0D0A2020202020203C2F62706D6E64693A42504D4E456467653E0D0A2020202020203C62706D6E64693A42504D4E456467652062706D6E456C656D656E743D22666C6F7734222069643D2242504D4E456467655F666C6F7734223E0D0A20202020202020203C6F6D6764693A776179706F696E7420783D223534352E302220793D2237372E30223E3C2F6F6D6764693A776179706F696E743E0D0A20202020202020203C6F6D6764693A776179706F696E7420783D223630302E302220793D2237372E30223E3C2F6F6D6764693A776179706F696E743E0D0A2020202020203C2F62706D6E64693A42504D4E456467653E0D0A202020203C2F62706D6E64693A42504D4E506C616E653E0D0A20203C2F62706D6E64693A42504D4E4469616772616D3E0D0A3C2F646566696E6974696F6E733E, '0');
INSERT INTO `act_ge_bytearray` VALUES ('112', '1', 'E:\\testworkplace\\maven\\jeecg\\jeecg\\jeecg-framework\\target\\classes\\deployments\\publish.bpmn20.xml', '110', 0x3C3F786D6C2076657273696F6E3D22312E302220656E636F64696E673D225554462D38223F3E0D0A3C646566696E6974696F6E7320786D6C6E733D22687474703A2F2F7777772E6F6D672E6F72672F737065632F42504D4E2F32303130303532342F4D4F44454C2220786D6C6E733A7873693D22687474703A2F2F7777772E77332E6F72672F323030312F584D4C536368656D612D696E7374616E63652220786D6C6E733A61637469766974693D22687474703A2F2F61637469766974692E6F72672F62706D6E2220786D6C6E733A62706D6E64693D22687474703A2F2F7777772E6F6D672E6F72672F737065632F42504D4E2F32303130303532342F44492220786D6C6E733A6F6D6764633D22687474703A2F2F7777772E6F6D672E6F72672F737065632F44442F32303130303532342F44432220786D6C6E733A6F6D6764693D22687474703A2F2F7777772E6F6D672E6F72672F737065632F44442F32303130303532342F44492220747970654C616E67756167653D22687474703A2F2F7777772E77332E6F72672F323030312F584D4C536368656D61222065787072657373696F6E4C616E67756167653D22687474703A2F2F7777772E77332E6F72672F313939392F585061746822207461726765744E616D6573706163653D22687474703A2F2F7777772E6D6F73736C652E636F6D223E0D0A20203C70726F636573732069643D227075626C69736822206E616D653D22E585ACE69687E58F91E5B883223E0D0A202020203C757365725461736B2069643D227461736B757365722D3122206E616D653D22E58F91E69687222061637469766974693A61737369676E65653D22247B696E69746961746F727D222061637469766974693A666F726D4B65793D2236223E3C2F757365725461736B3E0D0A202020203C757365725461736B2069643D227461736B757365722D3222206E616D653D22E983A8E997A8E9A286E5AFBCE5AEA1E689B9222061637469766974693A61737369676E65653D22E5B8B8E794A8E8AFAD3AE79BB4E68EA5E4B88AE7BAA7222061637469766974693A666F726D4B65793D2237223E3C2F757365725461736B3E0D0A202020203C757365725461736B2069643D227461736B757365722D3322206E616D653D22E4BC9AE7ADBE222061637469766974693A666F726D4B65793D2238223E0D0A202020203C68756D616E506572666F726D65723E0D0A2020202020203C7265736F7572636541737369676E6D656E7445787072657373696F6E3E0D0A20202020202020203C666F726D616C45787072657373696F6E3E247B636F756E7465727369676E557365727D3C2F666F726D616C45787072657373696F6E3E0D0A2020202020203C2F7265736F7572636541737369676E6D656E7445787072657373696F6E3E0D0A202020203C2F68756D616E506572666F726D65723E0D0A202020203C6D756C7469496E7374616E63654C6F6F7043686172616374657269737469637320697353657175656E7469616C3D2266616C7365222061637469766974693A636F6C6C656374696F6E3D22247B636F756E7465727369676E55736572737D222061637469766974693A656C656D656E745661726961626C653D22636F756E7465727369676E55736572223E0D0A2020202020203C636F6D706C6574696F6E436F6E646974696F6E3E0D0A0920202020247B636F756E7465725369676E536572766963652E63616E436F6D706C657465280D0A090909657865637574696F6E2C0D0A0909096E724F66496E7374616E6365732C0D0A0909096E724F66416374697665496E7374616E6365732C0D0A0909096E724F66436F6D706C65746564496E7374616E6365732C0D0A0909096C6F6F70436F756E746572297D0D0A0920203C2F636F6D706C6574696F6E436F6E646974696F6E3E0D0A202020203C2F6D756C7469496E7374616E63654C6F6F704368617261637465726973746963733E0D0A093C2F757365725461736B3E0D0A202020203C757365725461736B2069643D227461736B757365722D3622206E616D653D22E5BD92E6A1A3222061637469766974693A61737369676E65653D22247B696E69746961746F727D222061637469766974693A666F726D4B65793D2239223E3C2F757365725461736B3E0D0A202020203C656E644576656E742069643D22656E646E6F6E652D3222206E616D653D22656E646E6F6E652D32223E3C2F656E644576656E743E0D0A202020203C73657175656E6365466C6F772069643D227472616E736974696F6E2D3222206E616D653D222220736F757263655265663D227461736B757365722D3122207461726765745265663D227461736B757365722D32223E3C2F73657175656E6365466C6F773E0D0A202020203C73657175656E6365466C6F772069643D227472616E736974696F6E2D313422206E616D653D222220736F757263655265663D227461736B757365722D3622207461726765745265663D22656E646E6F6E652D32223E3C2F73657175656E6365466C6F773E0D0A202020203C73657175656E6365466C6F772069643D22666C6F773122206E616D653D222220736F757263655265663D227461736B757365722D3222207461726765745265663D227461736B757365722D33223E3C2F73657175656E6365466C6F773E0D0A202020203C73657175656E6365466C6F772069643D22666C6F773222206E616D653D222220736F757263655265663D227461736B757365722D3322207461726765745265663D227461736B757365722D36223E3C2F73657175656E6365466C6F773E0D0A202020203C73746172744576656E742069643D2273746172746576656E743122206E616D653D225374617274222061637469766974693A696E69746961746F723D27696E69746961746F72273E3C2F73746172744576656E743E0D0A202020203C73657175656E6365466C6F772069643D22666C6F773322206E616D653D222220736F757263655265663D2273746172746576656E743122207461726765745265663D227461736B757365722D31223E3C2F73657175656E6365466C6F773E0D0A20203C2F70726F636573733E0D0A20203C62706D6E64693A42504D4E4469616772616D2069643D2242504D4E4469616772616D5F7075626C697368223E0D0A202020203C62706D6E64693A42504D4E506C616E652062706D6E456C656D656E743D227075626C697368222069643D2242504D4E506C616E655F7075626C697368223E0D0A2020202020203C62706D6E64693A42504D4E53686170652062706D6E456C656D656E743D227461736B757365722D31222069643D2242504D4E53686170655F7461736B757365722D31223E0D0A20202020202020203C6F6D6764633A426F756E6473206865696768743D223830222077696474683D223132302220783D223130392220793D22313835223E3C2F6F6D6764633A426F756E64733E0D0A2020202020203C2F62706D6E64693A42504D4E53686170653E0D0A2020202020203C62706D6E64693A42504D4E53686170652062706D6E456C656D656E743D227461736B757365722D32222069643D2242504D4E53686170655F7461736B757365722D32223E0D0A20202020202020203C6F6D6764633A426F756E6473206865696768743D223830222077696474683D223132302220783D223237392220793D22313835223E3C2F6F6D6764633A426F756E64733E0D0A2020202020203C2F62706D6E64693A42504D4E53686170653E0D0A2020202020203C62706D6E64693A42504D4E53686170652062706D6E456C656D656E743D227461736B757365722D33222069643D2242504D4E53686170655F7461736B757365722D33223E0D0A20202020202020203C6F6D6764633A426F756E6473206865696768743D223830222077696474683D223132302220783D223437302220793D22313835223E3C2F6F6D6764633A426F756E64733E0D0A2020202020203C2F62706D6E64693A42504D4E53686170653E0D0A2020202020203C62706D6E64693A42504D4E53686170652062706D6E456C656D656E743D227461736B757365722D36222069643D2242504D4E53686170655F7461736B757365722D36223E0D0A20202020202020203C6F6D6764633A426F756E6473206865696768743D223830222077696474683D223132302220783D223636302220793D22313835223E3C2F6F6D6764633A426F756E64733E0D0A2020202020203C2F62706D6E64693A42504D4E53686170653E0D0A2020202020203C62706D6E64693A42504D4E53686170652062706D6E456C656D656E743D22656E646E6F6E652D32222069643D2242504D4E53686170655F656E646E6F6E652D32223E0D0A20202020202020203C6F6D6764633A426F756E6473206865696768743D223430222077696474683D2234302220783D223833302220793D22323036223E3C2F6F6D6764633A426F756E64733E0D0A2020202020203C2F62706D6E64693A42504D4E53686170653E0D0A2020202020203C62706D6E64693A42504D4E53686170652062706D6E456C656D656E743D2273746172746576656E7431222069643D2242504D4E53686170655F73746172746576656E7431223E0D0A20202020202020203C6F6D6764633A426F756E6473206865696768743D223335222077696474683D2233352220783D2232302220793D22323037223E3C2F6F6D6764633A426F756E64733E0D0A2020202020203C2F62706D6E64693A42504D4E53686170653E0D0A2020202020203C62706D6E64693A42504D4E456467652062706D6E456C656D656E743D227472616E736974696F6E2D32222069643D2242504D4E456467655F7472616E736974696F6E2D32223E0D0A20202020202020203C6F6D6764693A776179706F696E7420783D223232392220793D22323235223E3C2F6F6D6764693A776179706F696E743E0D0A20202020202020203C6F6D6764693A776179706F696E7420783D223237392220793D22323235223E3C2F6F6D6764693A776179706F696E743E0D0A2020202020203C2F62706D6E64693A42504D4E456467653E0D0A2020202020203C62706D6E64693A42504D4E456467652062706D6E456C656D656E743D227472616E736974696F6E2D3134222069643D2242504D4E456467655F7472616E736974696F6E2D3134223E0D0A20202020202020203C6F6D6764693A776179706F696E7420783D223738302220793D22323235223E3C2F6F6D6764693A776179706F696E743E0D0A20202020202020203C6F6D6764693A776179706F696E7420783D223833302220793D22323236223E3C2F6F6D6764693A776179706F696E743E0D0A2020202020203C2F62706D6E64693A42504D4E456467653E0D0A2020202020203C62706D6E64693A42504D4E456467652062706D6E456C656D656E743D22666C6F7731222069643D2242504D4E456467655F666C6F7731223E0D0A20202020202020203C6F6D6764693A776179706F696E7420783D223339392220793D22323235223E3C2F6F6D6764693A776179706F696E743E0D0A20202020202020203C6F6D6764693A776179706F696E7420783D223437302220793D22323235223E3C2F6F6D6764693A776179706F696E743E0D0A2020202020203C2F62706D6E64693A42504D4E456467653E0D0A2020202020203C62706D6E64693A42504D4E456467652062706D6E456C656D656E743D22666C6F7732222069643D2242504D4E456467655F666C6F7732223E0D0A20202020202020203C6F6D6764693A776179706F696E7420783D223539302220793D22323235223E3C2F6F6D6764693A776179706F696E743E0D0A20202020202020203C6F6D6764693A776179706F696E7420783D223636302220793D22323235223E3C2F6F6D6764693A776179706F696E743E0D0A2020202020203C2F62706D6E64693A42504D4E456467653E0D0A2020202020203C62706D6E64693A42504D4E456467652062706D6E456C656D656E743D22666C6F7733222069643D2242504D4E456467655F666C6F7733223E0D0A20202020202020203C6F6D6764693A776179706F696E7420783D2235352220793D22323234223E3C2F6F6D6764693A776179706F696E743E0D0A20202020202020203C6F6D6764693A776179706F696E7420783D223130392220793D22323235223E3C2F6F6D6764693A776179706F696E743E0D0A2020202020203C2F62706D6E64693A42504D4E456467653E0D0A202020203C2F62706D6E64693A42504D4E506C616E653E0D0A20203C2F62706D6E64693A42504D4E4469616772616D3E0D0A3C2F646566696E6974696F6E733E, '0');
INSERT INTO `act_ge_bytearray` VALUES ('113', '1', 'E:\\testworkplace\\maven\\jeecg\\jeecg\\jeecg-framework\\target\\classes\\deployments\\leave.bpmn20.xml', '110', 0x3C3F786D6C2076657273696F6E3D22312E302220656E636F64696E673D225554462D38223F3E0A3C646566696E6974696F6E7320786D6C6E733D22687474703A2F2F7777772E6F6D672E6F72672F737065632F42504D4E2F32303130303532342F4D4F44454C2220786D6C6E733A7873693D22687474703A2F2F7777772E77332E6F72672F323030312F584D4C536368656D612D696E7374616E63652220786D6C6E733A61637469766974693D22687474703A2F2F61637469766974692E6F72672F62706D6E2220786D6C6E733A62706D6E64693D22687474703A2F2F7777772E6F6D672E6F72672F737065632F42504D4E2F32303130303532342F44492220786D6C6E733A6F6D6764633D22687474703A2F2F7777772E6F6D672E6F72672F737065632F44442F32303130303532342F44432220786D6C6E733A6F6D6764693D22687474703A2F2F7777772E6F6D672E6F72672F737065632F44442F32303130303532342F44492220747970654C616E67756167653D22687474703A2F2F7777772E77332E6F72672F323030312F584D4C536368656D61222065787072657373696F6E4C616E67756167653D22687474703A2F2F7777772E77332E6F72672F313939392F585061746822207461726765744E616D6573706163653D22687474703A2F2F7777772E6B6166656974752E6D652F64656D6F2F61637469766974692F6C65617665223E0A20203C70726F636573732069643D226C6561766522206E616D653D22E8AFB7E58187E6B581E7A88B2220697345786563757461626C653D2274727565223E0A202020203C646F63756D656E746174696F6E3E6C656176654170706C792E6A73703C2F646F63756D656E746174696F6E3E0A202020203C73746172744576656E742069643D2273746172746576656E743122206E616D653D225374617274222061637469766974693A696E69746961746F723D226170706C79557365724964223E3C2F73746172744576656E743E0A202020203C757365725461736B2069643D22646570744C6561646572417564697422206E616D653D22E983A8E997A8E9A286E5AFBCE5AEA1E689B9222061637469766974693A63616E64696461746547726F7570733D22646570744C6561646572223E0A2020202020203C646F63756D656E746174696F6E3E6465706172744C65616465722E6A73703C2F646F63756D656E746174696F6E3E0A202020203C2F757365725461736B3E0A202020203C6578636C7573697665476174657761792069643D226578636C7573697665676174657761793522206E616D653D224578636C75736976652047617465776179223E3C2F6578636C7573697665476174657761793E0A202020203C757365725461736B2069643D226D6F646966794170706C7922206E616D653D22E8B083E695B4E794B3E8AFB7222061637469766974693A61737369676E65653D22247B6170706C795573657249647D223E0A2020202020203C646F63756D656E746174696F6E3E61646A7573744170706C792E6A73703C2F646F63756D656E746174696F6E3E0A2020202020203C657874656E73696F6E456C656D656E74733E0A20202020202020203C61637469766974693A7461736B4C697374656E6572206576656E743D22636F6D706C657465222064656C656761746545787072657373696F6E3D22247B61667465724D6F646966794170706C79436F6E74656E7450726F636573736F727D223E3C2F61637469766974693A7461736B4C697374656E65723E0A2020202020203C2F657874656E73696F6E456C656D656E74733E0A202020203C2F757365725461736B3E0A202020203C757365725461736B2069643D226872417564697422206E616D653D22E4BABAE4BA8BE5AEA1E689B9222061637469766974693A63616E64696461746547726F7570733D226872223E0A2020202020203C646F63756D656E746174696F6E3E68722E6A73703C2F646F63756D656E746174696F6E3E0A202020203C2F757365725461736B3E0A202020203C6578636C7573697665476174657761792069643D226578636C7573697665676174657761793622206E616D653D224578636C75736976652047617465776179223E3C2F6578636C7573697665476174657761793E0A202020203C757365725461736B2069643D227265706F72744261636B22206E616D653D22E99480E58187222061637469766974693A61737369676E65653D22247B6170706C795573657249647D223E0A2020202020203C646F63756D656E746174696F6E3E7869616F6A69612E6A73703C2F646F63756D656E746174696F6E3E0A2020202020203C657874656E73696F6E456C656D656E74733E0A20202020202020203C61637469766974693A7461736B4C697374656E6572206576656E743D22636F6D706C657465222064656C656761746545787072657373696F6E3D22247B7265706F72744261636B456E6450726F636573736F727D223E3C2F61637469766974693A7461736B4C697374656E65723E0A2020202020203C2F657874656E73696F6E456C656D656E74733E0A202020203C2F757365725461736B3E0A202020203C656E644576656E742069643D22656E646576656E743122206E616D653D22456E64223E3C2F656E644576656E743E0A202020203C6578636C7573697665476174657761792069643D226578636C7573697665676174657761793722206E616D653D224578636C75736976652047617465776179223E3C2F6578636C7573697665476174657761793E0A202020203C73657175656E6365466C6F772069643D22666C6F77322220736F757263655265663D2273746172746576656E743122207461726765745265663D22646570744C65616465724175646974223E3C2F73657175656E6365466C6F773E0A202020203C73657175656E6365466C6F772069643D22666C6F77332220736F757263655265663D22646570744C6561646572417564697422207461726765745265663D226578636C75736976656761746577617935223E3C2F73657175656E6365466C6F773E0A202020203C73657175656E6365466C6F772069643D22666C6F773422206E616D653D22E4B88DE5908CE6848F2220736F757263655265663D226578636C7573697665676174657761793522207461726765745265663D226D6F646966794170706C79223E0A2020202020203C636F6E646974696F6E45787072657373696F6E207873693A747970653D2274466F726D616C45787072657373696F6E223E3C215B43444154415B247B21646570744C6561646572506173737D5D5D3E3C2F636F6E646974696F6E45787072657373696F6E3E0A202020203C2F73657175656E6365466C6F773E0A202020203C73657175656E6365466C6F772069643D22666C6F773522206E616D653D22E5908CE6848F2220736F757263655265663D226578636C7573697665676174657761793522207461726765745265663D2268724175646974223E0A2020202020203C636F6E646974696F6E45787072657373696F6E207873693A747970653D2274466F726D616C45787072657373696F6E223E3C215B43444154415B247B646570744C6561646572506173737D5D5D3E3C2F636F6E646974696F6E45787072657373696F6E3E0A202020203C2F73657175656E6365466C6F773E0A202020203C73657175656E6365466C6F772069643D22666C6F77362220736F757263655265663D226872417564697422207461726765745265663D226578636C75736976656761746577617936223E3C2F73657175656E6365466C6F773E0A202020203C73657175656E6365466C6F772069643D22666C6F773722206E616D653D22E5908CE6848F2220736F757263655265663D226578636C7573697665676174657761793622207461726765745265663D227265706F72744261636B223E0A2020202020203C636F6E646974696F6E45787072657373696F6E207873693A747970653D2274466F726D616C45787072657373696F6E223E3C215B43444154415B247B6872506173737D5D5D3E3C2F636F6E646974696F6E45787072657373696F6E3E0A202020203C2F73657175656E6365466C6F773E0A202020203C73657175656E6365466C6F772069643D22666C6F77382220736F757263655265663D227265706F72744261636B22207461726765745265663D22656E646576656E7431223E3C2F73657175656E6365466C6F773E0A202020203C73657175656E6365466C6F772069643D22666C6F773922206E616D653D22E4B88DE5908CE6848F2220736F757263655265663D226578636C7573697665676174657761793622207461726765745265663D226D6F646966794170706C79223E0A2020202020203C636F6E646974696F6E45787072657373696F6E207873693A747970653D2274466F726D616C45787072657373696F6E223E3C215B43444154415B247B216872506173737D5D5D3E3C2F636F6E646974696F6E45787072657373696F6E3E0A202020203C2F73657175656E6365466C6F773E0A202020203C73657175656E6365466C6F772069643D22666C6F77313022206E616D653D22E9878DE696B0E794B3E8AFB72220736F757263655265663D226578636C7573697665676174657761793722207461726765745265663D22646570744C65616465724175646974223E0A2020202020203C636F6E646974696F6E45787072657373696F6E207873693A747970653D2274466F726D616C45787072657373696F6E223E3C215B43444154415B247B72654170706C797D5D5D3E3C2F636F6E646974696F6E45787072657373696F6E3E0A202020203C2F73657175656E6365466C6F773E0A202020203C73657175656E6365466C6F772069643D22666C6F7731312220736F757263655265663D226D6F646966794170706C7922207461726765745265663D226578636C75736976656761746577617937223E3C2F73657175656E6365466C6F773E0A202020203C73657175656E6365466C6F772069643D22666C6F77313222206E616D653D22E7BB93E69D9FE6B581E7A88B2220736F757263655265663D226578636C7573697665676174657761793722207461726765745265663D22656E646576656E7431223E0A2020202020203C636F6E646974696F6E45787072657373696F6E207873693A747970653D2274466F726D616C45787072657373696F6E223E3C215B43444154415B247B2172654170706C797D5D5D3E3C2F636F6E646974696F6E45787072657373696F6E3E0A202020203C2F73657175656E6365466C6F773E0A20203C2F70726F636573733E0A20203C62706D6E64693A42504D4E4469616772616D2069643D2242504D4E4469616772616D5F6C65617665223E0A202020203C62706D6E64693A42504D4E506C616E652062706D6E456C656D656E743D226C65617665222069643D2242504D4E506C616E655F6C65617665223E0A2020202020203C62706D6E64693A42504D4E53686170652062706D6E456C656D656E743D2273746172746576656E7431222069643D2242504D4E53686170655F73746172746576656E7431223E0A20202020202020203C6F6D6764633A426F756E6473206865696768743D2233352E30222077696474683D2233352E302220783D2231302E302220793D2239302E30223E3C2F6F6D6764633A426F756E64733E0A2020202020203C2F62706D6E64693A42504D4E53686170653E0A2020202020203C62706D6E64693A42504D4E53686170652062706D6E456C656D656E743D22646570744C65616465724175646974222069643D2242504D4E53686170655F646570744C65616465724175646974223E0A20202020202020203C6F6D6764633A426F756E6473206865696768743D2235352E30222077696474683D223130352E302220783D2239302E302220793D2238302E30223E3C2F6F6D6764633A426F756E64733E0A2020202020203C2F62706D6E64693A42504D4E53686170653E0A2020202020203C62706D6E64693A42504D4E53686170652062706D6E456C656D656E743D226578636C75736976656761746577617935222069643D2242504D4E53686170655F6578636C75736976656761746577617935223E0A20202020202020203C6F6D6764633A426F756E6473206865696768743D2234302E30222077696474683D2234302E302220783D223235302E302220793D2238372E30223E3C2F6F6D6764633A426F756E64733E0A2020202020203C2F62706D6E64693A42504D4E53686170653E0A2020202020203C62706D6E64693A42504D4E53686170652062706D6E456C656D656E743D226D6F646966794170706C79222069643D2242504D4E53686170655F6D6F646966794170706C79223E0A20202020202020203C6F6D6764633A426F756E6473206865696768743D2235352E30222077696474683D223130352E302220783D223231382E302220793D223139302E30223E3C2F6F6D6764633A426F756E64733E0A2020202020203C2F62706D6E64693A42504D4E53686170653E0A2020202020203C62706D6E64693A42504D4E53686170652062706D6E456C656D656E743D2268724175646974222069643D2242504D4E53686170655F68724175646974223E0A20202020202020203C6F6D6764633A426F756E6473206865696768743D2235352E30222077696474683D223130352E302220783D223335382E302220793D2238302E30223E3C2F6F6D6764633A426F756E64733E0A2020202020203C2F62706D6E64693A42504D4E53686170653E0A2020202020203C62706D6E64693A42504D4E53686170652062706D6E456C656D656E743D226578636C75736976656761746577617936222069643D2242504D4E53686170655F6578636C75736976656761746577617936223E0A20202020202020203C6F6D6764633A426F756E6473206865696768743D2234302E30222077696474683D2234302E302220783D223439352E302220793D2238372E30223E3C2F6F6D6764633A426F756E64733E0A2020202020203C2F62706D6E64693A42504D4E53686170653E0A2020202020203C62706D6E64693A42504D4E53686170652062706D6E456C656D656E743D227265706F72744261636B222069643D2242504D4E53686170655F7265706F72744261636B223E0A20202020202020203C6F6D6764633A426F756E6473206865696768743D2235352E30222077696474683D223130352E302220783D223539302E302220793D2238302E30223E3C2F6F6D6764633A426F756E64733E0A2020202020203C2F62706D6E64693A42504D4E53686170653E0A2020202020203C62706D6E64693A42504D4E53686170652062706D6E456C656D656E743D22656E646576656E7431222069643D2242504D4E53686170655F656E646576656E7431223E0A20202020202020203C6F6D6764633A426F756E6473206865696768743D2233352E30222077696474683D2233352E302220783D223632352E302220793D223238332E30223E3C2F6F6D6764633A426F756E64733E0A2020202020203C2F62706D6E64693A42504D4E53686170653E0A2020202020203C62706D6E64693A42504D4E53686170652062706D6E456C656D656E743D226578636C75736976656761746577617937222069643D2242504D4E53686170655F6578636C75736976656761746577617937223E0A20202020202020203C6F6D6764633A426F756E6473206865696768743D2234302E30222077696474683D2234302E302220783D223235302E302220793D223238302E30223E3C2F6F6D6764633A426F756E64733E0A2020202020203C2F62706D6E64693A42504D4E53686170653E0A2020202020203C62706D6E64693A42504D4E456467652062706D6E456C656D656E743D22666C6F7732222069643D2242504D4E456467655F666C6F7732223E0A20202020202020203C6F6D6764693A776179706F696E7420783D2234352E302220793D223130372E30223E3C2F6F6D6764693A776179706F696E743E0A20202020202020203C6F6D6764693A776179706F696E7420783D2239302E302220793D223130372E30223E3C2F6F6D6764693A776179706F696E743E0A2020202020203C2F62706D6E64693A42504D4E456467653E0A2020202020203C62706D6E64693A42504D4E456467652062706D6E456C656D656E743D22666C6F7733222069643D2242504D4E456467655F666C6F7733223E0A20202020202020203C6F6D6764693A776179706F696E7420783D223139352E302220793D223130372E30223E3C2F6F6D6764693A776179706F696E743E0A20202020202020203C6F6D6764693A776179706F696E7420783D223235302E302220793D223130372E30223E3C2F6F6D6764693A776179706F696E743E0A2020202020203C2F62706D6E64693A42504D4E456467653E0A2020202020203C62706D6E64693A42504D4E456467652062706D6E456C656D656E743D22666C6F7734222069643D2242504D4E456467655F666C6F7734223E0A20202020202020203C6F6D6764693A776179706F696E7420783D223237302E302220793D223132372E30223E3C2F6F6D6764693A776179706F696E743E0A20202020202020203C6F6D6764693A776179706F696E7420783D223237302E302220793D223139302E30223E3C2F6F6D6764693A776179706F696E743E0A20202020202020203C62706D6E64693A42504D4E4C6162656C3E0A202020202020202020203C6F6D6764633A426F756E6473206865696768743D2231342E30222077696474683D2233362E302220783D223238302E302220793D223132372E30223E3C2F6F6D6764633A426F756E64733E0A20202020202020203C2F62706D6E64693A42504D4E4C6162656C3E0A2020202020203C2F62706D6E64693A42504D4E456467653E0A2020202020203C62706D6E64693A42504D4E456467652062706D6E456C656D656E743D22666C6F7735222069643D2242504D4E456467655F666C6F7735223E0A20202020202020203C6F6D6764693A776179706F696E7420783D223239302E302220793D223130372E30223E3C2F6F6D6764693A776179706F696E743E0A20202020202020203C6F6D6764693A776179706F696E7420783D223335382E302220793D223130372E30223E3C2F6F6D6764693A776179706F696E743E0A20202020202020203C62706D6E64693A42504D4E4C6162656C3E0A202020202020202020203C6F6D6764633A426F756E6473206865696768743D2231342E30222077696474683D2232342E302220783D223236362E302220793D2239302E30223E3C2F6F6D6764633A426F756E64733E0A20202020202020203C2F62706D6E64693A42504D4E4C6162656C3E0A2020202020203C2F62706D6E64693A42504D4E456467653E0A2020202020203C62706D6E64693A42504D4E456467652062706D6E456C656D656E743D22666C6F7736222069643D2242504D4E456467655F666C6F7736223E0A20202020202020203C6F6D6764693A776179706F696E7420783D223436332E302220793D223130372E30223E3C2F6F6D6764693A776179706F696E743E0A20202020202020203C6F6D6764693A776179706F696E7420783D223439352E302220793D223130372E30223E3C2F6F6D6764693A776179706F696E743E0A2020202020203C2F62706D6E64693A42504D4E456467653E0A2020202020203C62706D6E64693A42504D4E456467652062706D6E456C656D656E743D22666C6F7737222069643D2242504D4E456467655F666C6F7737223E0A20202020202020203C6F6D6764693A776179706F696E7420783D223533352E302220793D223130372E30223E3C2F6F6D6764693A776179706F696E743E0A20202020202020203C6F6D6764693A776179706F696E7420783D223539302E302220793D223130372E30223E3C2F6F6D6764693A776179706F696E743E0A20202020202020203C62706D6E64693A42504D4E4C6162656C3E0A202020202020202020203C6F6D6764633A426F756E6473206865696768743D2231342E30222077696474683D2232342E302220783D223531332E302220793D2239302E30223E3C2F6F6D6764633A426F756E64733E0A20202020202020203C2F62706D6E64693A42504D4E4C6162656C3E0A2020202020203C2F62706D6E64693A42504D4E456467653E0A2020202020203C62706D6E64693A42504D4E456467652062706D6E456C656D656E743D22666C6F7738222069643D2242504D4E456467655F666C6F7738223E0A20202020202020203C6F6D6764693A776179706F696E7420783D223634322E302220793D223133352E30223E3C2F6F6D6764693A776179706F696E743E0A20202020202020203C6F6D6764693A776179706F696E7420783D223634322E302220793D223238332E30223E3C2F6F6D6764693A776179706F696E743E0A2020202020203C2F62706D6E64693A42504D4E456467653E0A2020202020203C62706D6E64693A42504D4E456467652062706D6E456C656D656E743D22666C6F7739222069643D2242504D4E456467655F666C6F7739223E0A20202020202020203C6F6D6764693A776179706F696E7420783D223531352E302220793D223132372E30223E3C2F6F6D6764693A776179706F696E743E0A20202020202020203C6F6D6764693A776179706F696E7420783D223531342E302220793D223231372E30223E3C2F6F6D6764693A776179706F696E743E0A20202020202020203C6F6D6764693A776179706F696E7420783D223332332E302220793D223231372E30223E3C2F6F6D6764693A776179706F696E743E0A20202020202020203C62706D6E64693A42504D4E4C6162656C3E0A202020202020202020203C6F6D6764633A426F756E6473206865696768743D2231342E30222077696474683D2233362E302220783D223532352E302220793D223132372E30223E3C2F6F6D6764633A426F756E64733E0A20202020202020203C2F62706D6E64693A42504D4E4C6162656C3E0A2020202020203C2F62706D6E64693A42504D4E456467653E0A2020202020203C62706D6E64693A42504D4E456467652062706D6E456C656D656E743D22666C6F773130222069643D2242504D4E456467655F666C6F773130223E0A20202020202020203C6F6D6764693A776179706F696E7420783D223235302E302220793D223330302E30223E3C2F6F6D6764693A776179706F696E743E0A20202020202020203C6F6D6764693A776179706F696E7420783D223134322E302220793D223239392E30223E3C2F6F6D6764693A776179706F696E743E0A20202020202020203C6F6D6764693A776179706F696E7420783D223134322E302220793D223133352E30223E3C2F6F6D6764693A776179706F696E743E0A20202020202020203C62706D6E64693A42504D4E4C6162656C3E0A202020202020202020203C6F6D6764633A426F756E6473206865696768743D2231342E30222077696474683D2234382E302220783D223236302E302220793D223330302E30223E3C2F6F6D6764633A426F756E64733E0A20202020202020203C2F62706D6E64693A42504D4E4C6162656C3E0A2020202020203C2F62706D6E64693A42504D4E456467653E0A2020202020203C62706D6E64693A42504D4E456467652062706D6E456C656D656E743D22666C6F773131222069643D2242504D4E456467655F666C6F773131223E0A20202020202020203C6F6D6764693A776179706F696E7420783D223237302E302220793D223234352E30223E3C2F6F6D6764693A776179706F696E743E0A20202020202020203C6F6D6764693A776179706F696E7420783D223237302E302220793D223238302E30223E3C2F6F6D6764693A776179706F696E743E0A2020202020203C2F62706D6E64693A42504D4E456467653E0A2020202020203C62706D6E64693A42504D4E456467652062706D6E456C656D656E743D22666C6F773132222069643D2242504D4E456467655F666C6F773132223E0A20202020202020203C6F6D6764693A776179706F696E7420783D223239302E302220793D223330302E30223E3C2F6F6D6764693A776179706F696E743E0A20202020202020203C6F6D6764693A776179706F696E7420783D223632352E302220793D223330302E30223E3C2F6F6D6764693A776179706F696E743E0A20202020202020203C62706D6E64693A42504D4E4C6162656C3E0A202020202020202020203C6F6D6764633A426F756E6473206865696768743D2231342E30222077696474683D2234382E302220783D223330302E302220793D223330302E30223E3C2F6F6D6764633A426F756E64733E0A20202020202020203C2F62706D6E64693A42504D4E4C6162656C3E0A2020202020203C2F62706D6E64693A42504D4E456467653E0A202020203C2F62706D6E64693A42504D4E506C616E653E0A20203C2F62706D6E64693A42504D4E4469616772616D3E0A3C2F646566696E6974696F6E733E, '0');
INSERT INTO `act_ge_bytearray` VALUES ('114', '1', 'E:\\testworkplace\\maven\\jeecg\\jeecg\\jeecg-framework\\target\\classes\\deployments\\permission.permission.png', '110', 0x89504E470D0A1A0A0000000D49484452000002620000004608060000006FF4F8EF000015DA4944415478DAED5D0D7815D599BECB8FE2DF23DA946559D6A6952E587015A1314250C0584060850296C7D22C4B91A5155614A88AACA25044A3468831F29B8018624A0C11620CA909064C420884186394108921051A4330C5708DD778F67C67CE4C66EEBD0121F767EECCFB3ECFFBDCF93973CE9939EFFDCE37DF3933E370000000000000000000000000000000000000000000000000000000000000000000000000842218633D12121216C5C4C41C8E888870F6E8D183D166D0F7ECDAB5EBF737DE78E397C3870FCFE2BFA3A03EE80FFA83FEA03F00B031366EDC3877D4A8512DE1E1E16CF9F267597E7E1E733ACF71DBF43DE807D2B52D2A2A64B1B12FB0FEFDFBB7F6E9D3E7306F8641D01FF407FD417FD01F00D80C1B36ACDFD1BB776F1617F73273B95AF91FA50D0C30E3E3D7B09E3D7B9EBBF2CA2BEF83FEA007E80FFA83FE00C04646A85FBF7EFCEEE443FE87F80E0C222B2ACA595858D83F78B34C80FE40E80FFA83FE00C0F2E1F87573E94EB0A8681FFF23B80C5CB7EE353661C2583666CCDDECEEBBEF62F7448F62F16BE23CD281BE6545C56176C515579CB143981EFA83FEA03FD0AEFA0300313175D4A8BB5AE2E25EE48BDF1A98B4691D1B7FEF1836E5D71305274E18C7A2A347B23BEEF8255B238CD1B7A01F191BBBEA74B76EDDF2A03FE80FFA83FEA03F00B0281212562F0A0FFF0973B95AB8F85B0D1C3B265A18A07BEE19A5F157BF1ACD860FBB9D1BA3088FF4A0EF79FDF5D71FE7CD1409FD417FD01FF407FD018005111333E3F0F2E54F73D17FE3C1A8E191ECE59756B19DEFA4B38457E3C49DE088A83BC4765A76B9BEF67A1CE83BCE9FFFD001DE4CB1D01FF407FD417FD01F0058101111439DF9F9395CF44E0FFEFEF731ECE4DF8EB3BD05EFB3EC7733D996CD1BD88E8C3476B4FA53F6C73FCC66DF7DF7B5D7E340DFF1830F724FF0663A00FD417FD01FF407FD018005412F2B743A4F73D1B778F0C9257F62C545056C7FF15E76E86089202DEFDFFF217BF2C93F793D06F42DA96D7833B9A03FE80FFA83FEA03F5B238C73BA8C10E673D2B0ADFE05B927398B38D773CEE60C37EB895CCD39953391339BF3986C64FD89EC95273293B3AF0D1A970BFE6B0FBA5C5FB1254B16B1390FCE64252585ACE2A332C18307F7B3F9F3FE872D7C741EFBE69BD35E8F057D4BA94DE80FFA83FEA03FE8CF7E88E6CCE0743A2EEECB052EE998912FD3CD0C27329433499E0855EC717972E16E1524C72B8A739EEEC473392799E544FC6388CE1AD8DA7A9A6DDFFE068B88B88D551FA9628F3E32CFC0D2D2623674C8ADECCDAD1BF81DCB971EC783BEA5F53B42E80FFA83FE405BEAEF427ECB01876F3E275525A36441013956DB38BFE45C760911AE1E321448CE5B19E7586B1AA27F68FCFEFB66F64E662A1B764704ABA9FE8C7D547E88E5EECE62196FBFC552DE4C661BD6BFC68D548A08D3DF7EFB10969A9AC4BEFBEE8C210FD0B7B47E4708FD417FD01F684BFD7584E7DC46EBD40857B6F4654672F693A37CAAAF4281257AC274A94CE72D82961DE891BEA9D2018BE3ECE983FC26C9A1CB24DDC95BC410356BDC5BF09E78570E199FBCBCDDECEDF45461809236AD65AF27AE61712F3FCF9E5BF98C98B89AF8DA6A36F2AE2896B52BCD9007E85B5ABF2384FEA03FE80FB4A5FEDC41BE45BE9BF374D6A1CC0B0BBFC8BC7ACAD1BF6AB7FCCE4847CEEF208F90E67FF9FA130961D211A313EB6D1D43F495C627972C164F0691C1D9B8215170EDEBF12C7ECD4BECC5D895ECCF2B9E664FFDDFE36CD1C2FF654F3FF5043742196CF1A2870D7980BEA5F53B42E80FFA83FE405BEACFDD09DBEBE63415C9C8576740D3AA16B845D8CECA6095DF9DB0703F96F19C8CB6F5B386213AA3910C113DAA3D6DEA64B62D65B3304064949E5FB59CAD58FE147BE1F915C21891719A307E2CDB9DB34B1AA233A09F68FD8E10FA83FEA03FD096FAD3C33D12B6CCE1DBB9E903382B74F93B1D7EFA9EE7D40038612A16C9B27A87BE216AD278F8F03EF6C4E30BD9FDD32609434321796F8C8C1CCA7E3763BAB83B2C2DFDC09007E85B5ABF2384FEA03FE80FB4A5FEF4C11DBD13E6AF681545DDB2DD2263037C59405F19A50AE4847A8ABE653842FB894A2EF6D306BABEFD3BFBFAEBE32CF68567D8D831A359D4F0DBC59BA4236F1FCAEEE006E8AE3B87B3050FCF65CDCD5F88B4EEC783BEA5F53B42E80FFA83FE405BEA8F30D46DD870999FCBA389FDB90EE36BBBC27C95F95F1CCAC4FC4083C670E785B6216A044D4CEB77846863E80FFA036DA93F4299C338272C10819D3019B852CBF589EF345466DA33081771802C3B2C740DD197A08969FD8E106D0CFD417FA02DF517ED364C18C879E713DCCA0EEF6C864972983058489463BC216A881A4013D3FA1D21DA18FA83FE405BEA6FA7CE190AC6C7CD337C553E4D3EA3D9FFC1FC1C513F1915EB169A86E8EFA08969FD8E106D0CFD417FA0EDF417E6687FE9AACB119C6F430E7518DF2F76C9A38A53E5B86AB041EFFF880A4D43740A3431ADDF11A28DA13FE80FB49DFEA63B8C6FBC0F16F42F7C9DD49961C14526B8A8CB4D363C99FB031D432EF693A08919A28608FA83FEA03F10FAEB18B18EC03D297921DFA5D393F6C9938C36C185A73AE49BE94E4F920411797E437422282C297997B5B5D5B39C9C6D4CAD4776F69BACB0706787C774EFDE9DCD9933E3A2CBDAB97333EBD3E79F3BDC5F5D5DC82A2BF7786CA77AA5A6BE1EB46BA4D62114230DC1D01FE5B769539CB67EF66C7587699B9AAA44FAB2B25C8F7D2E579DC7B68A8A3C919EF651BE2A493BA5A5EF9DB75EF5F5870CEB2D2D35ACA6A6E8BCE79190B0F282E7FAD8630F69CBF4DF5197BD9D13F4173CFB47ED9F97F717C3355DB9F209AF69EDAA331BEA4FFF02D7608EA64D75ABEF2521502F70BD10A80E274D28047DE833CABB21FA5BC0D9D6765CFE9177B39B6EFA391B366CA8B68FB68F1933D290DEE5FA82B5B6D6B2AE5DBB0A83D6B7EFBF70E3748445478F60B5B5FBB93397C2AEBAEA4AC331B45D5DCECA7A838587FF9BB65E5CBCCBA34E6A7D28AF9933EF17C7D0B62D5B56B3CCCC24B1DCD4F449C0AF55881BA280E8AFA4248B1514BCCD5E7AE969515E6E6E2A4B4F5FCF060EECCF1DB3978516687B62E22A4D7FF4DBBD7B371611712BABAB3BC0C68D1BCD264EBC476B77D2807B3B2C5DFAB0565E73F3A74283B47DFAF4FBB4748D8D1F73E73D51683A252541944F69E866807EE946222363A3EC6CBF10C71416BE23CA557547FA8E8CBC4D2C13497F3FFBD94F3CEA939CFC8AB69C96B6D66319FA338FFDA3B24A4BB335CD90ADE9289D1D756643FD1DD7ED0FE6577A06398CEF14BB24D024B76E26BAF8661582DEE38D321AA2FA803339394ED467CF9EEDE277CA947B79479A2E989797263A51DA7EE2C42191BEA6A650A4BDE28A1EC27050BA96966A2DBFDCDC6DECDA6BAF319441C70F19F21FDCC06C61CB963DCAAEBBEE5AF6D4538F887525D2F59A217D6D6DB1F86D6BAB6337DF3C404B478E98B7F481A2450C915FF5D7D050CE3BB61CEEAC1F13A47CEBEA4AC42FB56373B31AFDCA11E9ABABF78975D211B5B77B7EE4D48F1B374A5BAFA8789FA97555A2087F16CBBD7A85B1A8A8880EDB8DCA56972B2B9548C7D6ADF142D7B4DCD858A1ED4F4B7B5D3BF6F2CB2F63B1B14BB575721895CEB95E9C97AACDD1A3876BFF153A2735AFAAAA3DACBC3C17FA3381FDA376A036BFE5965F8876236DD1EF0D37FC2B5BB9F271435A3BEBCC86FAD36FBF3A8875EDE156174B383F661782DE438F54FEF4C703CEAAAA7CE6741EE59DE6E79A9343CBEE6C6BFB42505D5722626F89C84572F2CBECD4A932B13D3BFB0D161676BDA10CCA373D7D9D58CECADACCC2C3FB7ADD575DBD57EC578CCC5E43F9B42D25E5556DB9BC7C77C0AF95C50C91DFF44779CD9AF51BA12D5A56DBACB6B6484623DED5D236367EA43962DEF26A77C48EF30E69BFECC012D9C081FF2EA2B0B49D7441CBF44BE9498BEEF5215DE935AE442A7ECB323236C8A172252DFD172A2AFE2AEAA5D68DF44DCB35351F1AD2EAF3A734EA32DD6864666E9211C114F14BEBD05F70ED1FB5053938EEDBE9C671F2E4B1DABADD756643FD75DAF9F1537D2D11110B3932561734BA5C9FCBC8D5CDDC98240B46474771472B5A4BD3D6562B868F0A0AB6B3152B160B876BF5EA67D8BE7D6FCBA85A9A38FED967171AF2D6E7BB6CD9233222B640ACD33E3A5ECD5F4D5F59F93ECBC9D9CA9DB4B5A23C955BB6BC227E4F9D3A14F06B14AABA0A94FECE9EAD12FA983FFFBFB9B395C5FAF7BF51385F1B36BC20DABCB1B15C9443E9F4C7D0B6BCBC54AF79B63B6275ECC48952D191AA0E5D5D5DB1E84449836AFAF2F21C4D8BADAD35BC035C2FE7ABBDC812125668E5AB1DAD5A27BD9E14A73F5E1C4FCB94072D67676F91C3EE9EBAA07355CBA67357B70F1E3C10FA3389FD6B77C48CDBDB1DB13AE8CCC6FAB34A44CC2C73C4FA9A7C8E98CA030EE58DBADDDA43F35F048D5BB7AE164ECFCE9D9BB46D54A7254BE619D2E5E6BEC96EB9E526161333453852CDCD95DCC81C9646E6A048E3741E311CA344BDD68A653A46898879EED36FCBC858A72D47460E6633674ED31C377D1D03498BDD11FA457F2E570DEFC80E68EBA5A5BBB8837D4C6B67552B6A9AB3673FD139629EF9298ED8486DBDA949891EA8BAA3F25A5B8F6ACCC979C350BEDA6EA41DBDB694B967D3C4F2BE7DE91EE9A3A27EA9E96DF6ECE96299A21493278FD1D21517EF6033664C961DF25B5EB5EBAE6DE82F78F68F6C971235DAC01E78E03E366BD6FD5A1B3FF6D81F0C69EDAC331BEACF5273C468CC75A4092E3C3D35B9D7C442703740BA3912B541A332CFE07D565999CB8D41123756EBC5BC05F77434678BEEBEC8088C197327BBEFBE7BF89DE387F20EB052A4C9CEDEEC91B712114B62CB962D9011B187C5BA1211DBEEB52E7575CA1DE9F8F1A3B9319BAAA527C314AC6B640143E457FDB5B4285100729E7273B78AE5CF3ECB974F796DD6AEA3D289D40ACD288ED836AFF9B53B62B5DCA153A2B6A4CBD4D457594D4D01BF5178486845998BF30AEF34CB441DDCDB8DB474E24489C843DD969696C03BDA8FC576F7F46AFD94CE35492CD3F928F31F95742ED751ADFE9497B763A96E6A99D05F70ED5F7D7D31ABA8C8115AA0A915D3A74F14DB9B9ACA5943C3212D9DDD756643FD59EAA9497A8FD802135C787A1747AC0985402FBB9D749EE15B2EF663412195BD70E183DAFAD2A5F3C4B6FAFA22AF69C9A9CAC858CB0DC726B1ADA545896AD07C8A2D5B942786E2E39FD18E292C4CD796E9182522A6AC37341CF45A061941D5F88C1E3D4C3A629BA4239611B4EB14C2862820FA6B6D3D22E7AC6CD5AE5955D55FE53CB034CD39CBCB4B11FBDB1DB114AFF9B53B62CA7A737385B65C59B99B773E355A39E9E9891EC79796BE23F6D10D4375F51EEE0C266B3A224DD10D87BB9E685F74F4702DDDECD9BF11CB6161D719FE27FAF4C9C92F6ACB656559ACA4245346FEF64B67340FFA0BA2FDA336A1B627DBB578F11CA11B258A7F403867AB563D266F3CA1331BEA2FDE618EF7882DD3D523FE523399DE192FCE87304B644E454777805E0CD1E7016759D92ED6BBF78FB5F54D9B5E1043818989CB85209E7DF611437A65FE568E3659D4E5AABEA8F2DA1DB18ED350DE33664CD2963333D719F66564BC1E946B15A28628A0FA733A9588D89D7746681D4C7D7DA19CACBF977724B12C2767B396BEB1F1A074D2DE32E473E2443177DA94D757CC9FFF5F629B9ACF0D37F461A9A96B7867F991A16D940E52596E6828E59D6C89D7BCD5346969AF1AD277D4E6CA0D87E73E2A9FEAA96AB2ADEDA86EBE93726C45C57B72E86B2EF41724FBD7D454261D975DEC9A6BAE62D3A6DDEB715DABABF3B576B3BBCE6CA8BF190E73BC59BF42578FA9979A097DAF89BE1CDE338827122EEBD023143D77C66A02CAE6E672366EDC5DA2332C2848650307FE9CDF616568FBC9202D5C385B4638B60807ACA6668FB69F8E59BCF841161333993DF0C07FB22953C68AB41456A763BD959999B9569473BE7AB5B47CAC2D2B46328F1BBBFD6CC58A4765F87F5FC0AF955A178775E1936BE4742AD1515527A41BF5DAA5A7BFE6919ED239C463FD073DF651BB3BC4D3676B0C9A5497870C19246E1AB2B2360A5DD12F919CC0D2D24C435E4D4D87D8E0C1BF60E3C78F126948AFB3664D13CBC386DDA6D5D35B9B6767277578BEB4CF21264E2BE5517EFA7D347C4F6536341C80FE4C60FF6A6B0BB8631FC37AF5FA9160BB63664C67679DD9507F34AF5CFFADC9B020D4413F3FCCD9D93AD017CC67067958727DE81AA2A3A08969FD8E106DECCEB6B623D01FF4672B9DD9547FFA79624B83507E92AEFCA4CE66365686D782F11A0B8AC47D29BDDB103544D5A08969FD8E106D0CFD417FA02DF5A71F9EA4A72803F91A8B013212A7967FAB2F322D9327156850242C3EB40DD111D0C4B47E47883686FEA03FD096FAEBE630CED17A3C48D1B80C5F653AD2A1BC03A377004F84CAAC7604F7656C3E30449F8126A6F53B42B431F407FD81B6D49F7B54CCE5ABC8D405B0C0ADCC41BE8E4E6D0BD010653F3924191DFA86E853D0C4B47E47883686FEA03FD096FA53B153E7185539FCFBF0E174B721C9B9FE0AF3F9FB7D5EE13212B6C01A86A80A3431ADDF11A28DA13FE80FB4A5FE54F496811DFD8B55FDF1160672C2CE3A7C3841BF2384C9214A7F8DB5F6934ED873D631449F8026A6F53B42B431F407FD81B6D49F1EF411FA333A2789E670F9F221C0056E91307A77995FA75551E58FF9C1591A29BDD605D6324495A08969FD8E106D0CFD417FA02DF5E70E7A0BBF53E72C51F46A6A27F3A4A723F73A8C9F5CF2BB13A68F8CD19300F434656727A2D178ED7A19098BB69E21FA183431ADDF11A28DA13FE80FB4A5FEBC21DA6DF850759C2EF67B9483E4D0A3CB2DAF2447101E309C27872AC991BAD8A711C21DCA7798280A96E808EDA723CF63882A4013D3FA1D21DA18FA83FE405BEAEF7C51ACE30ECF8F87AB237D33A43FA3CE23EB211DAFA9D26729F3722C39647383795257CBCAD189D1473863650870805BBADED21BA537E5E74AAF74BD23745FD6FA030DD147A08969FD8E106D0CFD417FA02DF57721BFE5392FD1B14B6186C3C7AFA8E82C22A553962DBD4B7DD8EEA4CE511BE908CD6F475E82212A074D4CEB77846863E80FFA036DA9BF1F82BE323874E6229D2FA71C86BCD501981B975F7ED9F74EE77E2EF8C3A00979EE5C71ADBC5980FE40E80FFA83FEEC8B1E72C42E560692DC872E4FCA913CFAD20FBDA6220C972C4470D34D3F3D959FBF9E8BBE0C342177EC88DBC59BE900F407427FD01FF4070016C4881183B72F5FFE472EFA43A0093971E2881487FF5F500CFD81D01F08FD014050069FFBFE28A26FDF5EDFBA5C255CF8074173F158972E5D2A1DCABC46E80F84FEA03FE80F00AC883E7D7E5C1A17F728177E2968224E9830629D1CF387FE40E80FFA83FE00C0C21870EDB557B5141525C1009884F9F9EB763894C99783A03F10FA83FEA03F00B03EA27BF5BAFE2B18237318A12E5DBAD4F0369900FD81D01FF407FD01808D8CD16597756F5EB972DE69976B3F8C42E0794C86E34FDAD408417FD01FF407FDD9557F00D01EA6EFDAF59F72AEBEFACA8639737E7DE8BDF75E3DE97416C248F889E7CE7D58BB63C78BBBE8E920393135D7E6E178E80FFA83FEA03F00001CCADB78E96DBEF4D576FDD7E041DF925E5648EFC9A147B4F17410F407FD417FD01F00000000000000000000000000000000000000000000000000000000000000000000000000000000000000000000000000000000000000000000000000000000843AFE1F5FDF9E1BCA0184010000000049454E44AE426082, '1');
INSERT INTO `act_ge_bytearray` VALUES ('115', '1', 'E:\\testworkplace\\maven\\jeecg\\jeecg\\jeecg-framework\\target\\classes\\deployments\\publish.publish.png', '110', 0x89504E470D0A1A0A0000000D49484452000003610000005F08060000006194CF7F00001A724944415478DAED9D0D7815D599C7EF2A5554BA529BE56159B64D953E48B55D2D6E8C7C28682A58A07E00FB5097A53C2DB2E90AAB166829D28AC60F6CC4281023DFA88814C580218D3195F0114808811053A43465A140812242D388B7708D67E73D7766987B73C357BEE69EFBFB3FCFFFB973E7CECC9D99F39B77CE3B67E64C20801042082184104208218410420821841042082184104208218410420821841042082184104208218410427E9652AA7D7676F6C451A3466D4F494909B66FDF5EC968EC2F5F7CF1C59F5F73CD351FF5EEDD3BDFFAEC0FA7700AA7B08F611FEE31DC2314875AB060417AFFFEFD4F242727AB8C8C275471F11A150C7E6AC5BECFB1CF2CE5525ABA496566FE4A75EFDEFD64972E5DB65B45783D9C6238857D0CFB708FE11EA138D1FCF9F35676EEDC5965653DAF42A193D6C1548FE3C8B366CD541D3B76FCF4F2CB2FBF1B4E319CC23E867DB8C7708F501C04B96EDDBAA9D2D28DD641F3198E53575757A9A4A4A4BF59453A184E319CC23E867DB8C7708F906F9BF9E7A6CB55A6D2D212EB60094578EEDC97D4E0C103D5800177A83BEEB84D7D27ADBF9A3533ABC174D83FAEAEDEAE2EBBECB2E3A635FFC3299C12A3611FF6E11EEEE11E2123240FBAF6EF7FDB89ACACE7ACC153115EB470AE1AF4DD016AE87D43B4870CBE4BA5A5F553B7DCF2EF6AA60E76A7B04F9D9939FDE376EDDAAD8153388553D8C7B00FF718EE11F299B2B35F9C989CFC55150A9DB00E9093111E38204D07B8EF7CA7BFEB3BEFBC5DF5EE75B315EC521A4C8FFDE5ABAEBA6ABF55C4A9700A0B700AFB18F6E11EC33D423ED2A85123B767643C661D187F6FE03EBD53D5F333A6ABBC7756A8ECD959FA2A53DF3EB7E8F1321C0A7D12733EEC0F8F1FFFE016AB8833E1144EE114F631ECC33D867B847CA494949B82C5C585D681116CE01FFD68943AF4E7FD6AC3FAF755C16F56A9575F99AF56E62E577FACF9BDFA9F1F8F519F7DF649CCF9B03FBC6E5DD141AB88B7C0299CC229EC63D8877B0CF708F948F2B2C360F063EBC038D1C08F4EF9A92A2B5DAF36976D50DBB6966BCBF0E6CD1BD5A38FFE34E63CD83F9672B58A3804A7B000A7B08F611FEE31DC23E42F5907C5270D1C0AFD554D9932518D7D60B42A2FDFA4AA3FA8D4DEBA75B31A3FEEBFD5849F8C537FFFFBC731E7C5FE7120FC067B38850538857D0CFB708FE11E217F05BABA089F3CF9B17AEBADD7544ACAB755CD1F76AA9F3C322EC2151565EAA69E37A8D797CC57C1E0470DE6C7FEB15949189CC229311AF6611FEEE11EEE113226D0FDCDF5E79FD7AA77562D53BD6E4951BB6B76A90FAAB6A9A2F7F255EEDBBF564B5F5FACE6CF7BC90A824B75F3FFCD37F754CB962D529F7D763C6219D83F362B098353382546C33EECC33DDCC33D42C604BA5AD71BD6BFABDFB721C16DCD9AF7D4DB2B96E900B768E11CF572CE4C95F5FCB3EA99A71FD70FC2E6BCF4A2EA775B1F95BF7A79C432B07F6C561206A7704A8C867DD8877BB8877B848C09747F75FDE89449BA972109680BE6E768CF7979969A3573867A2EF369F5D4938FA95FFE62B29A38E17FD563BFFCB915E472D5A4890F452C03FBC7662561700AA7C468D8877DB8877BB847C8984077DCB5043AE9F275F8B07BD51B4B5FD1014E82DEB3D333D49319BF54BF7AF6491DEC24F80D1E3450BD57B8DA0E74C7B10F6D561206A7704A8C867DD8877BB8877B848C0974C75C6FDF5EA27E3E7982FA8FE1F7E840264DFDB19C9A7A93FAAF9123F495A78A8A7511CBC0FEB15949189CC229311AF6611FEEE11EEE113226D07D1CE1D0A9BFA84F3ED9AF327FF5B81A38E076D5A7F7CDFA2DF4A937DFA46EB102DC6DB7F6560F3F94AE6A6BFFA4A78D9E1FFBC7662561700AA7C468D8877DB8877BB847C8984077141B6AB39230CA134E89D118F6E11EC33D42C604BA8FB0A1362B09A33CE194188D611FEE31DC23644CA03B820DB5594918E509A7C4680CFB708FE13EEED5D5F244CBF32C6FB1BCC772D0DE2F21CBFB2D575ACEB13CD29E1E9919E8FE820DB5594918E509A7C4680CFB708FE13E2E9564799CE56A3BD152E76949CA1EB6DCC18F1B272B35CCCE1A0BECACD2BB91872C6FB0B3CED16495DE4077181B6AB39230CA134E89D118F6E11EC37D5C49F2936996EB2E20F18A65594EA6E58E7ED8B89B2C2FB29BF14A2D4FB69C6639D972BBA8A6BF3E76169A6B4F5F64F99EA8E91230D01DC286DAAC248CF284536234867DB8C7701F37925B09F7C748A49C1C4472967E317296CE9653ED9CA52070FA5645AF3FB21B95DA449254BD61AFC4B40B68D96A6F79849DB84913DFC0C40D7407B1A1362B09A33CE194188D611FEE31DCFB5E9250E5C4489C765A4EBF8056ACF67642571D63998B5ABB556C989D7C6535D31F4B6BD8217B433A245EA0FB3336D466256194279C266A651446601FEE31DCC7893ADB0D3CDE44A9C64EA29AE3CE3BC981F6442D5F92B36EADB17153ED3F1FDCCCCB4DB293B01A7B072650A03B800DB5594918E509A7895A198511D8877B0CF7719280452748B35AA081A79DDD10E5FD9F3D2D9D88390958720BFEC733762B5BB7C40974FBB1A1362B09A33CE134512BA33002FB708FE1DEE792C46883272992CE01D35BF83F65F9C1A816B116B9A36F582B24608E26DAFFD5393102DD3E6CA8CD4AC2284F384DD4CA288CC03EDC63B8F7B972A212B091ADF4BFC30291BDC1BFD9DC7FD0D56E9D6ACDCE33A4D52D37607ECF89D601F1276CA8CD4AC2284F384DD4CA288CC03EDC63B8F7B14606226F0D4C6FE5FF4F8FFAFF31CDB970C9EAB2DA60A7CA8375E3CC0F747BB1A1362B09A33CE134512BA33002FB708FE1DEA792DBFFBCDDD0CF6AA3F5C80C44BE1BB9596E4BBCC96E056B8B97925D6BFF7792D9816E0F36D466256194279C266A651446601FEE31DCFB54D30291BD20B6552FEBEDECFF77D6655A732C547A2C9CDA863B57EEF17CC6EC40F77FD8509B9584519E709AA8955118817DB8C770EF4349234D9D27F119D1C6EB33CCB32EC79BDA8824D9A4F4FAD1B50D37A89BDD1AD6CEDC40B71B1B6AB39230CA134E13B5320A23B00FF718EE7DA87181C81731FB2157A86CAED630C9E84A7DB041D2E5641F7303DD1FB1A1362B09A33CE134512BA33002FB708FE1DE87AA0EB45067184D90B793909AA62C486E059CE8830DCA08C4DF2D8945E798385A07440D36D47110E8E014276A4514F67122B20FF7381EB83F977E28E42E3DA76BF860A06DFAAE88A5F681C87787DD70A10B2AB09CE6830D9275288EB7AB48B625E0A59E39D0FD011BEA380874708A133509837D9C88ECC33D8E07EEE5D6C2CCB3245613A378F693F23CEB36F94217D25A2F673E9B641D0EC569A0735CD0C8D527EB80D86584CBCBDF52F5F53B5561E102E56C5741C17CB569D3B2B3CE2BD3E7E6661BB32FBCDB05A7E7BFCF162E7CDAFD5E5757D9E8B4C78E6DD1D35756AE6CF05B28F4618371070F96E8E965BEAAAA77547EFE5CB56A558E1A3A74801E96DF56AC98E54EDFAF5F8ABAEBAE5BD5DEBDC52A33F3A7DA321CBD8E8D6D4776F663679DE6673F7BC01D96E3C5198EB54D09CC2931BA99CB7BD2A431679CA6A4E40D3D9DC474EF7C33664C2646C37DDC59CE07DE187B3626A64C496F306EFAF4897AF8F0E18D70DFF2DA1338DDB985740E18ABC7C3791E8E27FA6CFDBDCFAABD76A10B9166BE763E0A1CF11CE8BCD97A9FC840F7FBB8777DFD8776C53157F5E8718DEAD5EB46F737193F60409F33CE5F52B2544F5757B7CD1DB777EF9AB8DF2F719884B519A7E5E56FAAF5EB975895BC9FE975282A5AA813A2EBAEEBA6131EE141C6E7E44C739993CF2F7CA19D4A49F996DAB7AF58274C4386F4B712AA397ADAD1A3EF8DF80F49A2BEF8C52BD4EEDD45EE3899B673E7A498EBD4A9D397555A5AAF98E5BA6CD9F311E3E462832C4BFE533EBB76EDAC5253FF4D0F8B57AD7A495D7DF5BF3658CEE2C5D3DDE1E5CB5F68300CA7C4E8E6B41C5349495F52C3870F3C2B13725C38C7D28E1DABF5E7EDB7A7AABCBC97F5B01CB3C468B8F7B3A54E22CC7AE3EAC891DFD3766275F4B646C76539B7C8E7CE9DBF516BD7BEA687E3BD7E1207DC7F14C5A72463A3A372922D9EDFFBF96CFD533DEB566942E2634A12E6BDFA941A3EF877C6BD172F7E466FD7DAB5AFEACFA143EFD4156AF19A358BAD13FF4C3DFEE0C1F57A7AA9344BF0EBD9F33AF5E083F7BBC1502AAD62677955552BE37ABFC47112D6EA9C1E39B2519F304F9EFC40DB7BF213366A6BB7B889BE4C5F5353A8BF0B63F5F53B1A2CEF8A2B2ED34999F3FDC4894AFBE4F9BEDDF23A5B7DE52BFFAC468DBA5B8F73C64B65D3994712AD2F7DE91FD5A4493FD28C7A4FDAF2FFF29BB7AC972FCF72BF5F7AE92556D237C9FD2EC9E2D4A93FD6C3B25DCE72A482E01C1FB24C67593B77E6B71AFF2461E6C768F1AE5D056E1C96E34D8657ADCA6E305D61E17C1DB7070DBA4DFBE8D1523D9D1C434E8C37659F908499CDFDE98B6C0D63B4B8AE6EABCBF3E1C3256E5C9E33E771F5F5AF7F55C766E7C2A033AD1C0370DF669CCA6D8A03A35ACB944FEEDAF3AAB367DD3E32A525CC482BF561DC7BE7CED52A18ACB42ACF55762BC10C3D1CEDFAFADF45CC77F0E03AAB52FDB6FB5DE67DE4911F18B14F9CED81D3F3DB5F3FFCE17D9A27197678DABBF7B7FAB3A2E24D77DAA34737D949D86B3197154EC2FA462CBBAA2AD7AA5C2E52C78E95590951BA1E77E2C436B569D352779ABCBC97DC79A4E5AA4F9F6F3758B670ECFCBF2C4BC609FFD5D5ABF478E7B7C58B9FD6C3BB7717AA2E5D3AC5DC5E99C61996A44E2ABBE196C0059E4A329C12A39BE69A9A77F5B6088BCE38E15EC6099B72CC3931397C71E1437DFC2D5CF894A755F9342FDEB84D8C867BBF3A3FFF65959CFC2F6E59E7E6CE8AF8BDAEAEA2C1B606F4ADE4BFD0C3A150B58EEB326EFEFC0C555B5BAE76ECC8338DFB3A3BA189B6243CC5319C1B08BF4338DAD299DFB41896DB09C7D82D59D11E6CB76245FB6C7C4A2BD849CFF7763E4F242FF89E4C3F6497D2034ABC3F13E60567B00718EB80D8618C43A1700B86B470E5E7E768A7A5DDA2860CE9D7E83CE113FA0A7778D9B2E78CD91F717CB5A95539ADABDBA25252BEA9C68FFF4F2BD15AAEBA77FF9A9578155927BD277485F0E8D18DF695C82D11F3C83849AA622DF37412B643EDDBF7BE55B95CEB96C9D2A599EEB093F05557AFF42461E165ECDA95AFC749223660406FBD3ED2522B9F5271958431BABC65D9274F6EB74FF833F57041C11CBD3EB1F8906D95E4309C642E77C7DF78630F382546378BCBCB7FADB9BEFBEEDBD5D8B1C3AD84EA1E1D9B856549CA56AC78516F7B49C99288F99CE36EEDDAC5EEF121C78449E72C5AC2CCAE9B08E7126383C16D2ECB23470ED12E2A9AAF8F0BEFB63AB13B7C674281FEDDA9CB388E75ACC439F71DECBA7EB4AF6D2441BAA791842ABD91244C7A389FD748E296D748A277BE170DFC7EAC5D908A7C729FA5F48EB821CE035D7480F3DC77FD3B63BC64C974EB84FE8215B8B2DD7101FD90EB038DCE130E76BFB102E23C3D1C0A5519B33FE230096B334EA5DC0F1E2C76BF4B42525FFF81DD59C60B5685B0C4BE952A3C4D5D5DB99D842D8CB9BCD34958F8FB81036BD48E1DAB346B9D3A5DA54FC632FF91231BEC642CCF4EC2B2CF5AA6529195F9D6AF7FA5C16F92B0E5E7874FEC63C60CD5C392B0DD7BEF1DEE7465654BAD4AC060B752E0CC9B9BFBA23B2CDB0CA7C4E8A65A389563E54CD308C7BB77BF1B314EF80BB74CDFAB1976987EF0C1EFEB4FB9B0E63D5E89D170EF470BB7BD7ADDA0E3BE6C939C4782C1ADEEEFCE79C4F92E17D8C21786DFB293ADD76232E3C46AB86FF58B056F7AF292609CB484852E7401D2B4F8B00F3644B2E8CC380D74A5F65583C600B10E886A631CAECCBE63557657EAE0B76AD54CFD6CCC99E6A9AFAF52E3C7DFAFE73D70E07DE3F6079C9E9B4F9C08B76CDD75571F3721DFB56BB5DDA3558EBB3FC327BF6AEBE4B9D94EC216C45C5E3809EB1393B7F02D8E85F633602BED0B01F9F6ED7FD27AB54DF5ECF90DCDB03C4FF0D04323D5E8D177BB15D141836ED5EBF1CD6F7EBD41793BEB17D0CFB2BDA487657BAEBCB2833B5D28B4DD5DFFE5CB67C49C578E23595738254637D595956FAAE1C3EFD43CCA0531D9268769F1881177A9E9D31FD1D3CA71D1BD7BB2E6F3F0E1B52E1F32DECB66F80204311AEEFDEDBCBCD93A5E0BE312DBA37F77E2B0736EC8CE7ED4655CC6C93C72DC38C78A730E707E87FB165187A8C44B92AD2CCBD7C7B85B2F1E9E09DB7FA10B1911F047DFFB7E69913B1F3576752946A0FBC008CBB64C98F003F7FBD4A963EDC4EAB7679CAFB676931A3B76981DD85619B33F9C7D02A7E7E69327B7DACF42CD75F79DF010D0CF7D2DD6E3C349D77CFD7B5D5D59C4F7689F4EC2C2DF8F1E5DAF5E7DF529B578F19356C257AEC7AD5DBBD04A7C5ED03D261E3B56622562AB1B2C47FE5BFEE7F0E16277BDE444DD5879A7A5A55A27EA6CBB25EC3E3D9C94D431E2D8F04E2FEBE30C57562E57E5E54BED16BFF7ED44340F4E89D1CD62613CA07B189DAA42A14AAB823AEBAC5C383C0ABF1515CBECD6E375C468B88F0BEFDBF79E1B4BCBCA5E6FF0BB731E916139DFC87121DF972C79E68CCCC87903EE5B4CC981D3CFAA49F2957406968DEE1D31C9DE091DDBB830641DDA9B7A554AA9AAB8B7541EC33D1085BF2F5CF8B84A4DFD963ED9CB363EF1C48331E72B2C7CD97ED6A7D40A9685EE958FFCFCD956A5BC22EEF78B4127F816DF57C160F8B6905B6FEDA9CB3F9CC017D957E1DFB592950CCD8B33FDD1A3EBEC046D51C472E4845B5414EEE16AFCF8EF47FC76E4C85A3DFEC927C7E9EF870FAF71131E59BE9308C52AC71933265AC9DB66FB01ED69E754F6B21DB17E930B0F4EC52037374BD5D7577A1E86AFB29F515B61BF47EC87704A8C6EB285398737EFB172A6F82C2D6212C7CBCA96A8929257ECCE72C271B9A626CF88FD02FB66732FEED1E36A3574689A3E67C8F9452ECE855BB566AB152B9E57D1DBEAC4DF4D9B5E55F7DFFF5DEDD32D61B3ED0B842BE1BE655B91A69D43EE9119888FF784E5346541F2D0DCE836DC10E7813E8303DDF6B8766DED461DD424C0AD5FBF505D77DD35AABCFC75F7F70307DE5313268CB25B39E6A863C7D65B15DD5FEB937B41417683E555552DD7D35E7D75573D6D3CEF1BB392B096DD57C1E066BBF7B6D5FABBB0E2ECC3152B6634985EA60BE87BFCD735F84D2A8801DDC9CBB30D7E13462B2A96EA4FA9647A7F93FF14EE1A5BBFACAC49F609FAAD732AFB587C3B96DF02BA338EA5FA7B38613BFDDB8001BDD4A0417DADC4B1184E89D14DF6A8514374394BABECD4A90FE863232F6FA63EB6C295CA5C77DAC2C21CABC2F9BD080B9FCE0512B9C8166E1D7E3FEEF70BEC9BCD7D7272173565CA98B39E77A299983163820A85B636CA4C59D96B70DFF61A16887CCF9D9F94E759B7914D5990F4C75F1D689B87DE240B96FEF5BB9A1DE82AB1A1362B09A33CCFC7F5F55BE114F631ECC33DB11BEE5BAEC52C1438FDDC58479FAC57FB4064A7214DCE612A9B9AC95DA0A4056C96F9816E1B36D466256194279C266A651446601FEE31DCFB50A59E64678C4FD66964A0199E07F3AA5F20FC9EAECEADB811F29F3581702F298607BAADD8509B9584519E709AA8955118817DB8C770EF43A57B129E6A9FAC53A5679D9AAD877969957A23D03AB725760B846F434C4B8C4057810DB5594918E509A7895A198511D8877B0CF73E94DCFA77DC93F48C68E3F5F13EA756D79C0D49EDEC2CB3A5DFD7956CB7803D4CA0C3043A38C5700AFB18F6E11EC37D237AC693F81C0AB4DD1D74EDECFCC5599766CF9792EC0D9CDC822D6035F60E25D061021D9C6238857D0CFB708FE1BE3149D2B5DF93FCB4555F12DE2EF3E56EBE16E928447AF9D8D30289523F7BA51F26D061021D9C6238857D0CFB708FE1FE1CE4ED0C439CDECAFF9F1EF5FFA35BF2CFA4452C37107EF8ECFA262E4B32C579760B581A810E13E8E014C329EC63D8877B0CF7E7A1799E2448BAAE6FADE7C3E439306F97F48B5A6B83E58DD087EC0DBFE13CE74D0E84DF882DAD5F3901F37B4124D011E8E014C329EC63D8877B0CF7CD2FC923AAA312B1966E114B8F4AC0AA03ADFCBEB20E763225F7634A7FFD724FE43D96AF8D9AAEB3DDD2951108BFD9BACE4EDEBA12E80808043A38C5700AFB18F6E11EC37D13E43C32E5BD35509E116BDFCCFFD32E10F90C98B2FFB75B5B6E7CAA9D9015D82B130A44F658E22469FD5A608710E830810E4E312764D8C7B00FF73871B99744AC322A41921C6458332D5F96B3336AF9D56D9D8021021D2609C3704A8CC6B00FF718EEDB52D252F54654A2E4244B6302E7FF0894341C8D8891DC39CF8075246410E830810E4E312764D8C7B00FF718EEC3BD26EE8F9138C9735CF268D4C440F8EEBC643B7173248F50C9DD7DD2F7455E20F2B92F6F37F4A30915043A4CA083530CA7B08F611FEE31DC376CC59A66F9788C44EA422C7D5A64D2FA45A0C3043A38C5700AFB18F6E11EC3FD992549D3E440F896C4D005245F722BA2BCCBB803E18140870974708AE114F631ECC33D86FBF3D3F5764225BDB46F09846F2DF4766DBFDF4EBAE4155A724B63574202810E13E8E014C329EC63D8877B0CF70811E830491886536274BCF8D4A932B56BD7DBFAB329E3611FEE31DC2344A0C3043A38C5700AFBE76049A864BBE4B329E3611FEE31DC2344A0C3043A38C5700AFB2461B00FF718EE1122D011E848C2309CC23E4918ECC33D867B840874984007A798133249184918EC13F389F90811E830810E4E319CC23E4918ECC33D867B840874984007A7704A8C26092309837B0CF70899A44B2FBDE4F360701341C1407FFAE9C6BD81F04BFFE014C329EC9384C13EDC63B847C82FEAD1E36B878B8BE710180CF4CA95CFAD0E84DFC40EA7184E619F240CF6E11EC33D427E51DFBE37BE9591F1630283811E32A4EF52AB8833E114C329EC9384C13EDC63B847C847EADAF5CB295DBB763A150A6D263898E53D175D74D10EAB8853E114C329EC9384C13EDC63B847C867EAD2E59F2AB2B27E427030C88307F79D6B156D119C6238857D9230D8877B0CF708F953D75E79E515274A4B1711240C7071F1DC9556991EB27C3D9C6238857D9230D8877B0CF708F957699D3A5DF557825DFC07B98B2EBA68B7559E83E114C329EC9384C13EDC63B847280E82DD25977CA1F6E9A7C77DCC7DD8F1779FB5DDCC7F2801821C9CC229313A8ED93F75AA4C2754F2D994F1B00FF718EE1132AAF9FFE28BFFA1B04387CB8F8C1D7BDFB677DF9D7D887775F8F75D1BD2D5ABF434643FE85A9440CDFC700AA7C468D8877DB8C7708F9071BAC17286E50D968381F0DBCDB1BF2C2F3B94776D4857AFA9700AA7700AFB18F6E11EC33D4208218410420821841042082184104208218410420821841042082184104208218410420821841042082184104208218410420821841042082184104208218410420821841042082184104A18FD3F99EBEE7EC43AD9B20000000049454E44AE426082, '1');
INSERT INTO `act_ge_bytearray` VALUES ('116', '1', 'E:\\testworkplace\\maven\\jeecg\\jeecg\\jeecg-framework\\target\\classes\\deployments\\leave.leave.png', '110', 0x89504E470D0A1A0A0000000D49484452000002BC000000FF080600000013E905A800002F674944415478DAED9D0D7814D5BDFF4740458B57546A29A5B7B9955BB1EA2D161AA2BC081A252DF02F2AB6DE5E8ADC6AB968C12480AD6FD5D8584423C42444E435888848C110438C18B20BE125BC074C31C548A16081F2A6348634AE78FEE79C9D5D76379B6437BB4966773F9FE7F93D3B3B3B33BB3BE77C7FE7BB67CE9E310C000000000000000000000000000000000000000000000000000000882C84109D737373A78E1D3B76777C7C7C5DE7CE9D855A4D843F3A76ECF8D535D75C7362C0800145F27128B50FC81704F902D027FA845666C1820513860E1D5A1B171727D2D3FF20EC769BA8AB3B2B35F315D10AA1CE6D79F9669191F1A2B8F6DA6BEB7BF4E8B15B16C30DD444205F10E40B409FE8135A81F9F3E7ADEADEBDBBC8CC9C291C8E7A5980E788368E9C9C6CD1B56BD7B3975E7AE94FA99140BE20C817803ED12784591CBD7AF592BF4E36C982FA9268C7A8ACDC23BA75EBF64F592C23A89940BE20C817803ED12784E5B2C7DC09EA976079F94659400EAF983BF715316244921836EC7671FBEDB78A3B12878A9CECCC06DB11E18DCACADDE2924B2EF994CB2140BE20C817803ED12784881AD03E74E8ADB599992FC9C52FBC226FE15C31FC27C3C43D778FD43172C48F4562E21071F3CD3F12D95A245F10AD181919D34F75EAD4C9462D05F20541BE00F4893E21047273B3A6C6C57D47381CB5B250EABD226958A216C61D770C75C79D77DE2606DCD25F8A24BEC1F644F8E3CA2BAF3C2C8B29819A1A305D3905E40BF2059A469FE8137D821763C78ED99D9EFE8C2C8C7F3588810312C4CC19D345E13B2B45EEAC4CFD4B70D0C09BF57AB5EC707CEE773F227C3169D26FB6CB62CAA0A6064492E19C1E26895341BE205FA069F4893ED127B8898FEF5767B7AF918551D7201E7860AC38FAF7C3624359A9287EB7402C7E6DBE5895BF5C7C5CFD17F1F0430F8A2FBFFCDCEF7E44F862FDFA9223B298B653539B2551861A2395693EF20701F205F9024DA34FF4893EC1899A84BAAEEE942C8CDA06F1E413BF155BCACBC4D62D1BC4AE9DDB74A8E5AD5B3789279FFCADDF7D88F0862A1B594C0E6A6A400DE3088F5EA1133490E40BF2059A469FE83356F5D945C66819B36514CB3860BEB9EB4E1947656C90314FC638193D634023B2203E6F100EC767E28927A68AF1BF1E27B66DDB2C2A3FA8D0B173E7563169E2FF892993278A7FFDEB94DF7D89F086593721B086B1B9F540BE205FA069F4893EA3569FFD64E4C9A893512EE331533C71323A796CA70CEE40191365E49BDB97C818E5B35D9409A4C62BEAEB4F89152B5E17F1F13F14D51F5589C9A913BD62C78E2DA25FDF3EE28D25F3E52F96130DF627C21B18DE46496AA60174BDCEF83FF205F9024DA34FF419D5FA5406F64DF352485A0B7A6C3BCBB8CF34C915512A325908FF74C7575F9D11EF142C13B7DC1C2FF657EF131FECD9254ADE2F12F96FBF2596BEB148CC9FF78A14CF527D39A47FFFBE62D9B23CF1E5979F7A1D83086F6078436AF8E815225F902FD034FA449F51ADCFD1A6D15503DEC331AD89EAE53D6AF61477892E819C71C786B2F7F4DC7C4A1436DBFBE2ED95CBB430F216CE11AFCECE1699335F10CF4F7B560F789FFD4A961872EB4051B47AB9D73188F00686B7D1062FA995B607F205F9024DA34F2222F4F994E11C9F1BEE5F80DD4CC35B2DA37BF408E433773CF9C4A3FA9F9B4A080BE6CFD631E7D51C91933D43BC94314DFCF1B967C4D3BF7F4C4C9DF28878E6E9C7A538F2C5A35393BD8E41843730BC61E9DD51FBD5D040922FC817681A7DA2CF68D1A7CBECC6B562A57ADEEC3DEE151D02F9D41D4A206ACA927B47DF25DE5CFA9A168612CB0BD3D3C573E94F8B175F784E8B448966C4F024F1FE9AD5A6403E255A2930BC61BB94C9A550F205F9024DA34FF41915FA1CDD0666D7C554F3BDBA47BE404EBB63F7EE8DE2F1C7A6889FDD3B4A0B405DFAF0170909FDC42FC7DCA77F1DEED8B1DEEB18447803C3AB490A53C396440349BE205FA069F4893E23599F3DCD5ED7B6BCBCA17A93D56C0E9D225B20A7BCC2F1C53FC4E79F1F16192F3E2B9286DD26060EE8AFEFC492D0BF9FB8590AE3D6C103444AF20471E6CCDFF4B6BEFB13E10D0C6FD8FF994DAF10F9827C81A6D127FA8C587DFEC970FE41ADAD5133384C8C6C819C242C1C316E787DFF9C72818CFBCDC760F0DD8F3FBD902FC817681A7D1211A7CF7E66EF6ED776A860BDCDF7EE16B9023941583862D8F0FAF6DAA8866D81793E1604D14036B61F0D24F9827C81A6D1271151FA5433273CD58E954CDDB9EDF9C815C871C2C211A386D7DF25CAFB8DF377450CB481F46C185D31D6CFA5558637902FC817681A7D1296D6A79A1357DD11AD3D6F03DCCBECE5ED149902F90761E18841C3DB5883E5AFA16BAA81F4B7FD7C3FDB33FE8F7C41BE40D3E893B0BC3ED5CC0CE516A8681B0CE76D89235020C7080B47841ADE9216EAA1B93FB304DA4006DA301A5C0A0DAABCD064ECE60B348D3E8976D6A71A4E30D5021532DDB0D6B08620047294B07044A8E1757D6E550F1382BCE4D95C03D55C03196CC3E8F9FE2762F5526880E5852663375FA069F449B4B33E8BCD4ADDDEA8CF608F4C811C095BA8E32D5C98E97E5E5353DDE8B6A74F57E9ED2B2A4A1ABCE6701C6AB0EEC8910ABDBDDA6FCF9E525154F4BA28285824EEB967B85E56AFAD5C39DFBDFD9021B7881FFFF83671F0E0369191F17B1D6AD9F73336F63D7273A735BBCDEF7EF71BF77271F11BEE657FDF2994731AC109DA15C5CDFC000BF61264630D648716368CCD5D7A8D15C3DB5C7985355F84A28949937E15F0F62A4F5C7BED355EEBAAAB374784FE2D942FD034FA0C6B3DCDCA4AF75A979FBF505C77DD7FEAE59327F77ABDA6DAFCC18313C4B061434449C95B223EFE265159691363C6DCA39FFFFBBF7F2B62BE772815A1AD6E34D11CEA331C8D4C81FC3DE4D8B6AD489495BD2D66CC7846BF5F49C932693EE789EBAFBF569ACB99D2686ED5EB67CF9EAEB73F77EEB07EBCF0C24EB2E2F611870E6DD7E674E4C83BDCE675DCB89F79BD8732AC975DD645ECDFBFD9BD4E6DDBBDFBD57E3FD3D55777138989831AAC57C75EB66CB6D7BACD9BDFD1C752EFA91E7BF6FCA64848F8A15E761AEB3CF1DDEF7EA7C171162D7AD9BDBC7CF99C06CBE1882831BC9E3FC00686D83036D540EE0BA1610CF5F34493E16DACBCC256AF43D5C44F7F3AACD1D7554E51E1D2738F1EDFD0E1D2F3FCF92FE9631C3FFE81E5F56FA17C81A6D16758EB6955D57AF9E3F07D71CB2DFDB4C69467C8CF5FA0D7F97E17F57CC78E62FDF8C9273BDD3AABA9F9C8FDBADA3712BE772815C16158E7CF62223205F249C871FCF81E5949D788FAFA033AD4710F1D72F6A616152D1667CEB87A73D7E8EDABAB37EAE765652BA5F93DD4E0785FFBDAA5D2000F753FAFADADD6DB1F3CB8C5ACD8F3F52FBAB16347EB75AEF57BF7DADCFB2C5BF68AB8E28ACBC5A38F3EA41B326763B6586FA7DE5FBDE6DAD6299E57DDCF2FBEF82269B09F723F57C6FCA9A792F5B2FA5EAEE3DC76DB002D52D7315DC7AAAA5A277F919684E5DC4699E1F5FC01961086DE177F0D64280D63B09762A3DDF0FA965758EA743834A10C6C53DB6CDE5C207EF083EF6BAD9E37BC8BC59C392FE8FCE27B3CABEADF42F9024DA3CFB084D286FAAC85858BE40FC97FD71E403D57DA547A725E8D6958AF5DBE41E9CBB5BFE7EB9ECFAD1AA1EAD36A2633020572382CA18EF5AB5FFD5C5646BB5EAEAFFFAB6952CBCD5F67EFBAB73D79F203B7E1F577ACF386F7FCB1F7EC795FD86C6F89D3A7FF2C1B9F47F4BADADA8F64C3B6CABD4D61619E7B1F25A481037FD4E0D8E7CEFDCDFDFEEA586A5D5DDDC7A2B272AD5EEF7A6DD1A2997A79FFFE4D66E3DAF0FBAA6D5CCBCA4017142C347BB897EA47F53C1CE735CA23D41BC674F0D30BB4CF5C1F0A993170EE838E70E58B9686D2AFFA1C975F7E5993DBA91FC57DFBDEA835AC8CAF0AB5AC7E083B2F7F9EDFD6CAFA8FD07C81A663549F81D6D1952BE78A356BDE100B17CED057639556547BAD4269D7F3BBB8F4A4B4A81EE7CFCFD01EE1D8B10A7D15B7A8E8B588FAEED1D4C31B8102391452D4D454E9CB879326FDAF34B545FAD79932B9F3E7BFA81B819327F7E8F751DB79EEA3D6D96CCBFC1EF3BCE13D240E1DDA228E1CD9A197D53E4B97E6B8975DE6BAB2B2C4C3F03A8FB16F9FF357A012D0B061B7EACFA32E53AA47D5802973EEF99EAE63D7D7EF377B91E7E9E5E2E2C5668FD0A106DBABEFBA67CF1AD3D017B9D7DF74D3F5219F57CFF789A21E89ED66CF8F4BB3A1DE62B4A9DEA06026B2A78737B0F20A5BBD6E69545414BB7B78CF9D3BD8E8768307F7178F3E3A416B58E951855A56B9A2AC6C855F9D5951FF16CA17681A7D861CD5D565EEB6B9A868915B6F4B966435F007AEE75959CF9A1D5CFBCC2BC5C53A1E7AE8973A949EAFBFFE7B96FFEEE1D0A755C6F0AA79808F46A640FE1672381CFBA529DDEE7EBE63C76AD9181D307FC9CD91A677B75E766D5353F3A187E16D783CA7E11DE27EFEC9275BC5DEBD6BA558D6CB5F83578975EBDE32C7E0ED328DAFCD34BC0B9BFC9C6A9BF1E37FA1F72B2BFB5383D79439562254CB0F3E789F5E560DEB5D770D736FB765CB2A3166CC5D7A1BF5395CFBE6E7CF752FABEF1C8EF3EA3A5E142468DF7AE7DB10D518AD33DEAF250D2463781B2FAFB0D5EB50F4307CF86D5A876A59E5197FDBAD59A3C6E4DEEBD6B07348C3223D3EF7DA6BBF2B8E1DDB1911FAB750BE40D3E833E4506D6F49C91BE60FCC6C316DDA6FF5726AEA835A6F2A947E5CDF45B5EDCA5F388734ACD78FCA1B28C3ABAEE0D4D77F2C366E5C695EB1FDC0F2DF3F547DAA31A9432C502195A03644A6400E861CB5B555EE8A5852B2442FEFDB6737FFBDFC9ADEE67CA370501ADEBDA6E17DD3EFF1CE1B5EEFF5E7CEB986496C32C7EC96984258675E4254BD32D55A08454579A27BF7AF8BE4E45FC9866FB47EEE6A2CD5E7B8F1C6DE5EC7F6FC7CCE5F9F797A597D1FE7E553E7760EC7C7EECFBF7C79AEDF7DABAA4AF5670DC7B98D70C3ABE6C81E15C05598607B5F1A9BA6C8DF3FBA836920637D9686E6CA2B2C75BAA5E1D2BF6A285DDA9831E329AF6D8E1CD9261213076A9DBB747FDEF0E689B4B4143165CAAFCD6152EF595EFF16CA17681A7D8625541BEDAB99214312B4D65414162E10BEDFC5D3535454BCABAFA2ECDF5F2676EC28D4EB366E5C1111DFDD08C33CBC2916A8906A1EDE8CC814C88190A3BEFE2373ECDA12FDDC99F4D79AE37497BB4DB0CDB654BF7EDEF02EF57BBCF386D7F9FCE4C95D62F1E29962D1A297A4B9FE50AF5BB76E9914CC1C71D9655F93BFEC766BD3EB7B1CF5DEEA7D8E1DDBEEFE5CB9B97FF0FB9EEAB5C4C401B2A15B68F6F0FC5C2F77EB76856E20FD6DAF3E8F6BB9A2A2486CDB5660F6646F35056A0BF9DC46A8E16DAAF727D45E98E6E6E4BCA0850D643F2376E7E10DB4BCC2922F42D1C2430F8D713F57FA721AE0AC06DBAE59B3D834BC0B3D0CAF53CFF7DCF3E388D1BF85F2059A469F61ADA77BF7BEEFEEAC527A75BDE6F207BEDBBBF43E63C693DA13B8D62B0F1049DF3B948A709FD9CBDBDE58A5A7B90502F96BC85157E7ECE11D3C38DEDD607CF2C966B33776836C183264857ECDBDFDC9933B4D33FC96D7718E1CD922CDF1EBE63C9BF77BBD76FCF80EBDFEB9E7A6E8E7C78E6D331B972DFAF8CE46677583CFE612486DED5E73C0FBF466BF8FB38767A1DFD7CE9CF940BFA7F317EAABE2DCB98F3DC643FFD51C53FC9E394FE78490CFAD115BB7166EAE3726D009E8836D205D97604719D0EAF9A2A53A1833665483F5050573F56B7DFBDEA035EEF99AD2A67A5CBE7C96D6AA5A3E746893CE4991A2FF28C817683A06F4D9C27A2A4E9FAE308701CDF6F201BEDFC5D98956E2D69D5AA79E3FF1C4C37A9DF21411F4BD5B4C37B352776DC74A16677E86CE912990FD21475DDD87E6BF28D7E9E725258BF5A3B322BFD2607BB5DDF94AEAFD5A75B5CD9C2B37BBC16B6565CBC48E1D05FA518DC3F37C4DBDE777BFFBED463F5F66E653666354DCECF731F4508CBC465F57AF19FA8F2A05FA7951D102AFD7860D1B2C860F1F2A4DFAF690CF6D8C19DEA67A8582BDDB52A00DA4EBFD30BB6D942F8209A521352DD8E6CD2B1ADD46BDE6FA91EDB9BEB6F6CFEE1FC37FF8436A509AB38AFEA3245FA0E928D5674B43B5D7AA5DF6F5095555CE3978EFB927A941BD76BDB671E37271D75D778A4993C6EAD7F6ED735E4DCEC878CCF2DF3B1CFA2C9431AE1D2B991ACE302F7205F231E113E7CE7D6499CF128386D7D52BE47B29F27E23F83939FD35906383E87D8218CC1756D27F14E50B348D3E5B1C0EC7BEA8F81EE1D0A7AAE09546FB4C4FD6D51471CFC815483561E18851C3EBD97025F969E8829980BEB1FD626DEA31F205F9024DA34F220AF45921634C3B5430D5B39B13D902F988B070C4B0E1F57729F402B33727D869897CF74B3230BBE40BF2059A469F4404EA7388E19C07B77B1B562EF59ED532BA44B640F611168E1837BCFE1AC8D6B8B40AE40BF2059A469F44C4E853F5B6BE69B4CDD0865EA6C012235F207F212C1C18DEB03690B1785309F205F9024DA34F22CAF4A98CAE1ACBDBDAF3E1C6993DBB29D121902AC2C281E1F5EAC509E59225973CC917E40B348D3E89A8D1A79AA64C0D6D78AC157B7695D97D3E7A04F22161E1C0F0FA6DE082EDCDE10F6AE40BF2059A469F44D4E953CD9870A0154CE910C3398C2125BA04B297B070607843BE84C9254FF205F9024DA34F226AF5A97A7AF30DE7EC0D3784782C35F5D83CB3673731FA04F267C2C281E10DA9C153B716E50E6AE40BF2059A469F44D4EB73A2E11CE2A00C6B9F20F78D939166F6EACE36227B368626045249583830BC4D5E0AAD69E292A6EB9FDB348CE40BF2059A469F444CE8B38B695C0FCB28379C7F6A5382E9EDB35D77F357A6BA735A89293C65947B46B7403E202C1C18DE16F50A71C9937C41BE40D3E89388697D2698E6B7D8708EF37518E76F4F78D4C3100F91D1393604B287B0706078836E206918C917E40B348D3E09F409E7B9F8E28BBEAAABDB2A0B623761C1387B76CB41F3471904D64066D230922FC817681A7D12E813BCB8EEBAFF3866B7CF93855141583056ADCA5C2D8B693B35352092CC5FCF4C5344BE205FA069F449A04F38CFA04137AD484F7F5816C62EC2823172E4A0A546EBDF4825AA2EE9710AC817E40B348D3E09F4095EF4EC79557CCF9E577FE1706C9305B293B0561CE8D0A1C35EC339EE1C681CC917442CE60B348D3ED12784871E3DBEBE233373B22C901D848562C48841730DE76C2140E348BE2062355FA069F4893E216CF4BEFCF2AFD59697E751312D1276FBDC558673D6901BA89E348EE40B2286F3059A469FE813C24AE2D5575FF91922B186383A74E8B0DFE05FC9348EE40B22B6F385BACBE9A7C80D7DA24F08BB482EBAE8C233D3A64D3CE5706CA5B2B67D1C302F7B1C451C185EF20541BED0773B3D80D4D027FA8456B91CD2B1E3056BBA74B9F4F8F8F177EF7AEFBD5947EBEA3653795B29CE9EDD7470D5AA9756AB7F6F9A03DA4BB8EC81E1255F10E40B0C2FFA449FD036F4319CB758DE20A3CE387F373A22BCA126A156F3F2A9A94AF8F72686977C41902F30BCE8137D023449A159E93A712A30BC0080E105723A40B49160FEBAE2AE3C244700C0F002391D202AC937CE5F56E0D67D244700C0F002391D20AAE8679CEFDD7505FF8A243902008617C8E9005143A1D170F0B8EAE5652C2FC9110030BC404E078878FCF5EEBA6214A787E40800185E20A703443AC546E3538494737A488E0080E105723A4024D354EF2E6379498E0010D90C349C73C702391D20A629349A9F089A191B488E0010990C9161E73490D301007100E50F80E105723A00E200CA1F0030BC404E07401C40F903008617C8E9008803287F00C0F002391D007100E50F00185E20A703200EA0FC0100C30BE47400C401943F008617C8E900803880F207C0F002391D007100E50F0091C71819AF731AC8E900803880F2078856C6C9C8E33490D301007100E50F80E105723A00E200CA1F0030BC404E07401C40F903008617C8E9008803287F00C0F002391D007100E50F00185E20A703200EA0FC0100C30BE47400C401943F008617C8E900803880F20788521E93F13CA7819C0E008803287F806825CD0C20A70300E200CA1F00C30BE47400C401943F006078819C0E803880F207000C2F90D301100750FE0080E105723A00E200CA1F0030BC404E07401C40F903008617C8E9008803287F809865B68C099C06723A00200EA0FC01A2157597B5719C06723A00200EA0FC0130BC404E07401C40F903008617C8E9008803287F00C0F002391D007100E50F00185E20A703200EA0FC0100C30BE47400C401943F006078819C0E803880F20788658A6524711AC8E900803880F2078856EC3286701AC8E9008038629942B3BC9B8AED9C26000C2FD0A603200E8854FAC97034637847709A0030BC409B0E80382092296EC2EC96CBE8C42902C0F0026D3A00E28048A65F13867714A70700C30BB4E9008803A2017F6379D5D85D7A770130BC409B0E8038202AF0379697B1BB00185EA04D07401C1055E41BF4EE02441B55327A731A68D30100718093040FC3CB44F500D1C10119719C06DA7400401C701ED7585E7A770130BC409B0E8038202AE947F903607881361D007140F3275088CEB9B9B953C78E1DBB3B3E3EBEAE73E7CECDDDCD8C686174ECD8F1AB6BAEB9E6C48001038AE4E3506A1F00861768D30110472BB360C1820943870EAD8D8B8B13E9E97F1076BB4DD4D59D951EF82BA215429DDBF2F2CD2223E34571EDB5D7D6F7E8D163B72C861BA88900185EA04D07401CADC0FCF9F35675EFDE5D6466CE140E47BD3464E788368E9C9C6CD1B56BD7B3975E7AE94FA99100185EA04D07401C6136BBBD7AF512E5E59BA4F1FA9268C7A8ACDC23BA75EBF64F83B9840130BC409B0E8038C2C382057327A89EDDF2F28DD27039BC62EEDC57C488114962D8B0DBC5EDB7DF2AEE481C2A72B2331B6C4784372A2B778B4B2EB9E45383E10D80E1C5F0D2A60300E208F16409D179E8D05B6B33335F928B5F7845DEC2B962F84F86897BEE1EA963E4881F8BC4C421E2E69B7F24B2B5E9FD8268C5C8C8987EAA53A74E366A29607881361D00104708E4E6664D8D8BFB8E70386AA5C9AAF78AA46189DAE8DE71C75077DC79E76D62C02DFDA5E98D6FB03D11FEB8F2CA2B0F1BCE9B6A00C422276474E334D0A60300E20889B163C7EC4E4F7F469AAB7F3588810312C4CC19D345E13B2B45EEAC4CDDB33B68E0CD7ABD5A76383EF7BB1F11BE9834E937EA36C919D454209F436B327E4EE1A5D401001264D4121FDFAFCE6E5F23CD555D8378E081B1E2E8DF0F8B0D65A5A2F8DD02B1F8B5F96255FE72F171F55FC4C30F3D28BEFCF273BFFB11E18BF5EB4B8EC862DA4E4D05F239044A4A8E6D404A56E92F53B3ED89BE9192637F2625B3EC9BBEFBA4A52DBF48BE9EAE96935FB6F5A70E009020A30A755389BABA53D25CD53688279FF8ADD8525E26B66ED92076EDDCA6432D6FDDBA493CF9E46FFDEE43843754D9C862725053817C0E011B5E69767D4DEDA4EC77FF2D2DCFDE3925DB36CB73BD36C159F62753B3ECF7A76697DE295F7F4DAD7B38D7DE853A0040828CAAF325C4E70DC2E1F84C3CF1C45431FED7E3C4B66D9B45E507153A76EEDC2A264DFC3F3165F244F1AF7F9DF2BB2F11DEA04E03F91C8232BCD2D42A833B3977FDB795F155919A6DBB75F2ACB5DF4BCEB6FF4E6DF39B596BAF9A9C65FB89EEF99566579BE4ECD294E459F6116A5D7296ED0D750CEA000009328A0C6F8D57D4D79F122B56BC2EE2E37F28AA3FAA129353277AC58E1D5B44BFBE7DC41B4BE68BBABA130DF627C21BD469209F4330B84C6D4AB6FD7F5C43199273EC3FD7EB726CD9DEDBDA1EF11AF2A0F7593B883A0040828C42C3FB4F777CF5D519F14EC13271CBCDF1627FF53EF1C19E5DA2E4FD2291FFF65B62E91B8BC4FC79AF4833BC540F6FE8DFBFAF58B62C4F7CF9E5A75EC720C21BD469209F4330A81EDEB4B4B40E2959B6C7B5A97D79ED3794E14D9D59FAAD94ECD2FF766D376556E977E4FA075CBDC0BA2738CB363E35D7DE8B3A0040828C42C37BC61D1BCADED373ED2A936BB3BD2FDE5EB94C1BDDBC8573C4ABB3B345E6CC17C4F3D39ED57F609BFD4A961872EB4051B47AB9D73188F006751AC8E710286AA882D3C4DAFBA4E4D87EAF7A6B95F1557F444BC9B18FF2ECBD95C6F8EED41CDBC3DE3DBCB605D401001264941ADECFDCF1E4138FEA991894B15D307FB68E39AFE6889CEC19E2A58C69E28FCF3D239EFEFD6362EA9447C4334F3F2ECD6EBE78746AB2D73188F006751A62949E328E721A82438DCB55A1666A506378D53A6572D52C0C6AA8435A9ABD936B5BD593AB86304CCA5EFBFDE4ECD2896ADD941C7B6F7A780130BC516A783F758732BC6A0AB27B47DF25DE5CFA9A36BACAFCBE303D5D3C97FEB478F185E7B4E9552678C4F024F1FE9AD5A6E1FD9468A5A04E438CD24F4605A72138D41FCFD46C0C9EEB1E7A65C3157A86861CDB1CF77659B6C7D5BAE46CDB1F5DE657995DB52E35ABF4754F634C9B0E80E18D12C37BDA1DBB776F148F3F3645FCECDE51DAD0AAA10CFE2221A19FF8E598FB746FEF8E1DEBBD8E418437A8D310A3DC27E34F9C86200D6F966DB2EF3A359E3735DBF6ACEB8F6BCA00AB1E60E7FAD2E99EA1C6F15A647606DA7400C4116EC37BCA2B1C5FFC437CFEF96191F1E2B32269D86D62E080FEFACE6A09FDFB899BA5D1BD75F00091923C419C39F337BDADEFFE4478833A0D318ABA09C2539C06DA284E0100E20893E13D495838A8D310A354C918C869A08DE21400208E3019DE138485833A0D31481F19276474E254D046710A001047980CEF71C2C2419D8618649EC17006A04D07401CE135BCFF202C1CD46988316E90714046574E0590FF001047180DEF31C2C211409D56D337E55395210A50D3696D309C333400D0A603208E701ADEA38485A3893AAD8C6EA10C07F51EA2C4ECAAFA3C8F5301B4E90088A3150CEF91368F9A9A6A6DE46A6BF78B73E73E11959536BDCE33366E2C68B09FDA67C68C67C4E9D355EEE7D3A73FD9ECFB1516BE267AF4F846A3AF57576F167BF7AEF3FB7ECB96BDDA2EE7C8F33334637419F600914E6F19DB65E418FC510D68D3011047EB18DEBFB74B74ECD8510C1E9C200DEF616DD82A2B4BF56366669A34BC1F09CFCF76D9655DA429DDA4D76DDEFC8E282E5E22F6EDDBA09F5754BC2F4A4A96E9E53367FEE2DEE7E0C1ADEEE5A2A2D7455CDCB7DDCFB76C59DDE0F3B88EB566CD52316EDCCFF43E6ADDE2C559A2A0204F2F9F3EFD619B9F278F3A9D6038872EF81A5D0C2F442AEAF6C11986F316C20F723A80361D0071B4A2E1FDA4DDA2AE6EBF7E549F63E9D259FA71E0C078B16EDD0AE1F9D994C1CDCDFDA35EB764498E7E1C33E66EB17CF9ABEEFD57AE9CE7756CB5AE6FDFFF92C675B1484B9B2CAEB8E272F1F4D3A9FAB9A17B6E5FF1DAFEE0C12DFAF1DCB943E2C61B7BBBB75386D7DFF66D15669D2E6CC2E862782112507F42533DB9A364A4C928319C7F4E53BDBADD393D409B0E80385AD9F01E6ED33873A64A6CDBB65A9BB48282857A9D5AAEAE76F6D8EEDBB75EECDFBF49787EB6A2A2D7B469F534C61515EF892D5BDE713FAFAFFFABD7FB384DF05CF7FE71713DFDBEA6DE57BDEEFA0CEA38AE70BD9F6B79CF9EF7DBFC7C356372092252A24646858C6219CFCB48329CE3760168D30110475B18DE43ED12EABD0B0BF3DCCBB3674F13F7DE3B5C8C1B77AFB0D99609CFCF76E4C80EB168D14CBD2E3EBE8F7BBF8307CBF5BA912313FD1EBF6FDF1BA5995D24CD72AAD9C39BA29FABD7366E7C5B6F77EEDC41F7F67BF7968A356B9648333C479495AD70C7E2C52FEBC763C776B5CB7932CB2A5146B9410F2F00D0A603200E4E41B086F76FED124EC3BBD0BDACC26546F7EFDF203C3F5BB76E578ACD9BF3F5BAE3C777E9F1BFBFF8C54F4549C91BFAF54993C6E9D7CACAFEE4757C655CD5B23AAEB387B7E16B9EEBF2F3E7BA9713126ED2E6DBF5995C9FB53DCE934F99A99EB10D185E00A04D07401C10B0E13DD82E61E8E10B76F1C9275B446E6EBA7E5E53B3D7BDDEF5D94E9EACD08F6565CBC5C1839B741414CC13438624E8E53D7BDED306D8E1F8B8C1F19D3DBC79222D2DC5ECE14DD6CF0DDDC3BBA2C1F65555A5E2D02167AFF1F0E1B749C33BDABDFD962DABDAED3C355276893EC6170080361D0071807FC37BA05D42BDF7851776124B96648ACD9B579ABDAEB3F5E391235B85BFCF66E871B6EBA4095D68F6083B1FB3B29E69B0AD3AA66B596DE7ECE1753E3F7E7CA7DF635F7CF1456ED37DDB6DB7988677A16978F3DBED3C355386AAC7B79CAA0C00B4E90088031A35BC7F6D9730742FEB9FCCE9C43E107BF7AED1EBEBEBF7B95FF7B74F55558987813DFFDAC9933B1B7D2F7FDBFB3BF69831A3DCCB050573BD5ECBCF7FB5DDCE13D5140068D3010071846478F7B75BECDFBF4EECDBB7D66BDD9E3D45E69FD37EE05E575C9C274DEB0271F5D557E9C7458B32C4E0C1F12239799C7EBE70E10B7A9FBABA0FFDBE4F41C11C71FDF5FFD9E467A9ADFDB37BD9D03DC93671ECD856F1DC73CED9210E1DDAD82EE7883A0D00B4E90080384236BC1F13160EEA3400D0A60300E208D9F05613160EEA3400D0A60300E208D9F07E445838A8D300409B0E00882364C3BB8FB07050A70180361D001047C886F72F8485833A0D00B4E90080384236BC558485833A0D00B4E90080384236BC1F12160EEA3400D0A60300E208D9F0EE252C1CD46900A04D0700C411B2E1FD3361E1A04E03006D3A00208E900D6F2561E1A04E03006D3A00208E900DEF078485833A0D00B4E90080384236BC7B080B07751A0068D301007184C0C5175FF4555DDD5669AC7613168CB367B71C94C5E4A0A602006D3A00208E1672DD75FF71CC6E9F27CD550561C158B52A73B52CA6EDD45400A04D0700C4D142060DBA69457AFAC3D25CED222C1823470E5A2A8B29839A0A00B4E90080385A48CF9E57C5F7EC79F5170EC73669B07612D68A031D3A74D82B8B29819A0A00B4E900803842A0478FAFEFC8CC9C2C0DD60EC2423162C4A0B9B2784AA8A100409B0E008823747A5F7EF9D76ACBCBF3309A1609BB7DEE2A592E4765DC40F50400DA7400401CE121F1EAABAFFC0CD36B0DB3DBA14387FDB24C46502D0180361D001047984DEF45175D7866DAB489A71C8EAD98CFB68F03E63086A3985D0000DA7400C4D17AF4EED8F182355DBA5C7A7CFCF8BB77BDF7DEACA375759B31A3AD1467CF6E3AB86AD54BABD56C0CE61FD4D4985D86310000D0A603208E36A08F8C74191B64D499E795087FA89B4AA87976D5D463CCC60000409B0E803880F2070020A70300E2A0FC0100809C0E803880F2070000723A00E200CA1F0000C8E9008803287F000020A703200EA0FC0100809C0E803880F2070000723A00E200CA1F00809C0E80383805943F000090D301100750FE0000404E07401C40F9030000391D007100E50F0000E47400C401943F000090D301100750FE0000404E07401C40F9030090D301100750FE0000404E07401C40F9030000391D007100E50F0000E47400C401943F000090D301100750FE0000404E07401C40F9030000391D007100E50F00404E07401C40F9030000391D007100E50F0000E47400C40196A6D02CEFA6623BA7090080361D007140A4D24F86A319C33B82D30400409B0E80382092296EC2EC96CBE8C4290200A04D07401C10C9F46BC2F08EE2F40000440C0C5303C0F04290495225457A770100220786A901607821C82449520400883C18A60680E18526C837E8DD0500887418A60680E1852648F0488A499C0E00808885616A00185E08204992140100221786A9016078A1992449F90300443E0C5303C0F0422324190C690000880618A60680E1053F24CAF85446A6F9C8E52F0080C886616A00185EF063765D2657F5069CC0F402004404DD64DC272343865DC661C37BFCEE51C33925D93C190FCA88E39401607863DDEC36B71E0000AC93BFD558DD3AA3F93BAC7986C334C0E30C7A7F01C30B31405233A6D6F53AE3BF0000AC83FA83F1F6204D6E635165387B7D0130BC10D566B739334B4F2F00440CE3E7145E1AE55FF179A3E19463EAB9BAC35A9A8C21327AC9E8626EDFD9700E61507F627BCADCCE5F8FB05ADF931A04B18432375D390D514DA2115CCF6DB0DB0300344ACAACB537A764967DD315C9B3EC23DCCB39B6FF979A6DBB556F97631B909255FACBD46C7BA26FA4E4D89F51DBFB1E3B2D6DF945F2F574B59CFCB2AD7F149D366560ED3E26B5C6708EDB8D0BF258AA8D7F4C46B5CFF13E350D33404CA02E6FDCC069887AB33BA205FBD5607A01209C3C9265BF411ADC67FD1A6369767D4DEDA4EC77FF2D2DCFDE3925DB36CB73BD36C159F62753B3ECF7A76697DE295F7F4DAD7B38D7DE254ACCEE061F73AAC6E0F60AF1B86AFC6E8AE1DD63ACF2FC686A26C40276D3DC006637DCFB0300B8318DEBEEE497D7FE975FC32B4DAD32B89373D77FDBD503AC7A7F27CF5AFBBDE46CFBEFD436BF99B5F6AAC959B69FE89E5F6976B549CE2E4D51BDC66A5D7296ED0D758C2868973DCD6E9A11DE3F9BF59651E971FC3AF23CC40239E62F3E882E9AFB835A5B1F0700621C694E5F4EC9B1CD51C31094515506D8F37597A94DC9B6FF8F6B2843728EFDE77A5D8E2DDB7B5BDB235E431EF43E6B0745C1697ADEC7ECB656EFABEA452E36BC7B7A7B534B219A196338A73981E833BBE11A8E404F2F00846676736CBFD7BDB6D2F0AAE76AE881B337B6ECEBEE6DB26DB3D2D2D23AA464D91ED7A6F6E5B5DF5086377566E9B752B24BFFDBB5DD9459A5DF91EB1FF01C179C9A651B9F9A6BEF15E1A749CDC6E039DC20AD95DF4FFDE02831BCE7EFED466D8568A597F9CB8E3FAE4507BE7F38BB40C6FDE66330F8EEC71FD90020681E7A65C315A939A5FFEB1A5BEBD953ABFE64E61A9BAB862A384DACBD8F32C7AAB756195FBD4D8E7D9467EFADDCE7EED41CDBC3DE3DBCB6055170BA2A0CEF31BB6D3167AE32B8273CDE37935A0BD18C12D6044E43D498DD111EA6758199C41604617A1BDB0FD30B0001A3862C788ED755431992B36C337D0DB17A54E37255A8991AD4185EB54E995CBD4FB6FD77696976B7F9533DB96A08C3A4ECB5DF4FCE2E9DA8D64DC9B1F78EF01EDE44C37B78415B7E97113EEF1D47ED856865B4F9CB923BB0448FD955DC6F788F050BC4F47A9A5D578CF5789D31BD00D0229499758DC96DF05A76698AEF985E6586F51FDDCC61107ABB2CDBE3DA4867DBFEE832BFCAECAA75A959A5AF7B1AE308A3D023E766B4C3FBE7B7F3FB03B419CAF03EC56988481A33A1FECC6B53A6D7DFF6F3FD6CCF985E00081A35E382EA95F56B78B36C937DD7A9F1BC6A0A3397495606589966E7FAD2E99EA1C6F146F0EC0C6A5881EBE6106A0C6F5C3B7C867E86F7FCBC0C7384A8A50F2626A2CD6E521026D69FE90DD4ECFA9A5E86370000348EFA53D8C066B6B9CFF0BE035A7BE179638A51141D4433CAC41C3618CF1B49E51588E96CCEF4066B763DDFFF043F9200001AC5955395F14D68649B0CA3ED6666688A74833FAF410CE19A905A89B31FA7C3F2663750B3D998E9EDD042B3EB8231BD0000CD1B5ECF1E5CDF1E5FCF1B4D0C6CC7CF3ADAC7A003443D6AD0FF04D3F8AA5037A750F3F5AA5B1033475FE499DDA64CEFBE10CC6EA89F070020D60CAFA7A17499DBC31EEBDB73A6891B0CEF397901620A35B6574DFBF2A68CEDA6301D4D88D833D4B6075A10E5E62FDEE642FD52CE0B30661BCE4B45818432FBE3020835EE6A4880A12E65C505183D9B288F507B54FD99DE50CCAEAFE9654C2F0040F386D7B3C7D7F3799776FCAC9D7D3E0B000448CF204C9E6724046822930234A6E34C131BA8E19D1DA0897E3340636E374D7CA086FF70330932D4B1556A18836FCFEE3E737D286406F84388200882F01F5632E80000ED46A8B70D6EAA8737989B53F8420F2F0040D306D233D4155375A5AE93410F2F0040A3E6B2C6689D31BC2D31BD8CE1050008CCF07A1A5D178CE1050068C66406DAA3DAD8D463FE666908C6F4324B030040F386570D6B1B65F8BFA329B334000004607A9B339BCDCDB31BEC1DD95CA869EB98871700A071FCF5E8FA926358631EDE348FCF9143D101809568AE8735D09B4A046B7A5DC32AB81B0F0040688C31AC71A7B54A8FCF319A620100ABD1584F6FB077500BD4F4BADE0FB30B00103A6A46A33A33E7AA693FDB63BE7BCFF1BB750673EE038045513DBDBEC30BEE37829F67D79FE91DEBF33E8CD90500082F9EE3789F6A87F7CFF378FF3C8A0300AC6E7A3DFFC8E6695E83B9A94463FB31F5180040EBE039AC41CDDAD096D393F536BC6F28D587E20000ABE33BBC4199D5B146F0538DF9EE17EAFCBF0000D038EA4F6D9E63681F6BC3F7F6EC5DCEA7280020524D6FA8F81B2E010000E1C5B39757F5B8B6454F6B8ACF7BDE403100402C9A5E6E2A0100D076147A18D02A195D5BF1BDEE33BC87324CE0F403402412EA300486310000B42DDD0DE71535CF1B40746E25B35B63F04735008832D31B6C0F2D7F500300681F12CCFCEB32A36A8C6DCF301E5F0D63F0ECD95573FF76E1B40340A413ECB00486310000B42F6A9EF33A0F53AA7A6343BD19849A8D6183E13DED2466170062D2F4F633B8831A008055F2768D1F833A30C8E3A83FA2A9210B0E9F63E5617601201A493293675213AF9FC0EC02005806D52B7BD8C7A8AA3820E379C339B3839ACDC135CEB7B36970556F709A8C0A3FFB2AE3CB1FD40020EA7B0CFCF5F4328C0100C09A7431CD6D8D1FF31A6CE41B4C3D0600316A7A31BB0000D647FD712DDDF0FE435B20A1C602ABE10BDC410D0062D6F46662760100228ACE660ECF309C637A7D873C1C359CD399E518CEE9C7BA71CA00209649329323538F0100000040D4D2955300000000000000000000000000000000000000000000000000000000000000000000000000000000000000000000604DFE3F9CE620F22600DECD0000000049454E44AE426082, '1');

-- ----------------------------
-- Table structure for `act_ge_property`
-- ----------------------------
DROP TABLE IF EXISTS `act_ge_property`;
CREATE TABLE `act_ge_property` (
  `NAME_` varchar(64) collate utf8_bin NOT NULL default '',
  `VALUE_` varchar(300) collate utf8_bin default NULL,
  `REV_` int(11) default NULL,
  PRIMARY KEY  (`NAME_`)
) ENGINE=InnoDB DEFAULT CHARSET=utf8 COLLATE=utf8_bin;

-- ----------------------------
-- Records of act_ge_property
-- ----------------------------
INSERT INTO `act_ge_property` VALUES ('next.dbid', '510', '9');
INSERT INTO `act_ge_property` VALUES ('schema.history', 'create(5.15)', '1');
INSERT INTO `act_ge_property` VALUES ('schema.version', '5.15', '1');

-- ----------------------------
-- Table structure for `act_hi_actinst`
-- ----------------------------
DROP TABLE IF EXISTS `act_hi_actinst`;
CREATE TABLE `act_hi_actinst` (
  `ID_` varchar(64) collate utf8_bin NOT NULL,
  `PROC_DEF_ID_` varchar(64) collate utf8_bin NOT NULL,
  `PROC_INST_ID_` varchar(64) collate utf8_bin NOT NULL,
  `EXECUTION_ID_` varchar(64) collate utf8_bin NOT NULL,
  `ACT_ID_` varchar(255) collate utf8_bin NOT NULL,
  `TASK_ID_` varchar(64) collate utf8_bin default NULL,
  `CALL_PROC_INST_ID_` varchar(64) collate utf8_bin default NULL,
  `ACT_NAME_` varchar(255) collate utf8_bin default NULL,
  `ACT_TYPE_` varchar(255) collate utf8_bin NOT NULL,
  `ASSIGNEE_` varchar(255) collate utf8_bin default NULL,
  `START_TIME_` datetime NOT NULL,
  `END_TIME_` datetime default NULL,
  `DURATION_` bigint(20) default NULL,
  `TENANT_ID_` varchar(255) collate utf8_bin default '',
  PRIMARY KEY  (`ID_`),
  KEY `ACT_IDX_HI_ACT_INST_START` (`START_TIME_`),
  KEY `ACT_IDX_HI_ACT_INST_END` (`END_TIME_`),
  KEY `ACT_IDX_HI_ACT_INST_PROCINST` (`PROC_INST_ID_`,`ACT_ID_`),
  KEY `ACT_IDX_HI_ACT_INST_EXEC` (`EXECUTION_ID_`,`ACT_ID_`)
) ENGINE=InnoDB DEFAULT CHARSET=utf8 COLLATE=utf8_bin;

-- ----------------------------
-- Records of act_hi_actinst
-- ----------------------------
INSERT INTO `act_hi_actinst` VALUES ('124', 'leave:1:119', '120', '120', 'startevent1', null, null, 'Start', 'startEvent', null, '2014-05-10 19:46:02', '2014-05-10 19:46:02', '16', '');
INSERT INTO `act_hi_actinst` VALUES ('125', 'leave:1:119', '120', '120', 'deptLeaderAudit', '126', null, '', 'userTask', 'leaderuser', '2014-05-10 19:46:02', '2014-05-10 23:42:09', '14167947', '');
INSERT INTO `act_hi_actinst` VALUES ('133', 'leave:1:119', '129', '129', 'startevent1', null, null, 'Start', 'startEvent', null, '2014-05-10 20:14:33', '2014-05-10 20:14:33', '0', '');
INSERT INTO `act_hi_actinst` VALUES ('134', 'leave:1:119', '129', '129', 'deptLeaderAudit', '135', null, '', 'userTask', 'leaderuser', '2014-05-10 20:14:33', '2014-05-10 23:42:23', '12470580', '');
INSERT INTO `act_hi_actinst` VALUES ('214', 'leave:1:119', '210', '210', 'startevent1', null, null, 'Start', 'startEvent', null, '2014-05-10 23:14:11', '2014-05-10 23:14:11', '38', '');
INSERT INTO `act_hi_actinst` VALUES ('215', 'leave:1:119', '210', '210', 'deptLeaderAudit', '216', null, '', 'userTask', 'leaderuser', '2014-05-10 23:14:11', '2014-05-10 23:42:43', '1712498', '');
INSERT INTO `act_hi_actinst` VALUES ('222', 'leave:1:119', '218', '218', 'startevent1', null, null, 'Start', 'startEvent', null, '2014-05-10 23:14:56', '2014-05-10 23:14:56', '0', '');
INSERT INTO `act_hi_actinst` VALUES ('223', 'leave:1:119', '218', '218', 'deptLeaderAudit', '224', null, '', 'userTask', null, '2014-05-10 23:14:56', null, null, '');
INSERT INTO `act_hi_actinst` VALUES ('312', 'leave:1:119', '120', '120', 'exclusivegateway5', null, null, 'Exclusive Gateway', 'exclusiveGateway', null, '2014-05-10 23:42:09', '2014-05-10 23:42:09', '16', '');
INSERT INTO `act_hi_actinst` VALUES ('313', 'leave:1:119', '120', '120', 'hrAudit', '314', null, '', 'userTask', 'hruser', '2014-05-10 23:42:09', '2014-05-10 23:50:57', '528410', '');
INSERT INTO `act_hi_actinst` VALUES ('318', 'leave:1:119', '129', '129', 'exclusivegateway5', null, null, 'Exclusive Gateway', 'exclusiveGateway', null, '2014-05-10 23:42:23', '2014-05-10 23:42:23', '0', '');
INSERT INTO `act_hi_actinst` VALUES ('319', 'leave:1:119', '129', '129', 'hrAudit', '320', null, '', 'userTask', 'leaderuser', '2014-05-10 23:42:23', null, null, '');
INSERT INTO `act_hi_actinst` VALUES ('325', 'leave:1:119', '210', '210', 'exclusivegateway5', null, null, 'Exclusive Gateway', 'exclusiveGateway', null, '2014-05-10 23:42:43', '2014-05-10 23:42:43', '0', '');
INSERT INTO `act_hi_actinst` VALUES ('326', 'leave:1:119', '210', '210', 'hrAudit', '327', null, '', 'userTask', null, '2014-05-10 23:42:43', null, null, '');
INSERT INTO `act_hi_actinst` VALUES ('332', 'leave:1:119', '120', '120', 'exclusivegateway6', null, null, 'Exclusive Gateway', 'exclusiveGateway', null, '2014-05-10 23:50:57', '2014-05-10 23:50:57', '0', '');
INSERT INTO `act_hi_actinst` VALUES ('333', 'leave:1:119', '120', '120', 'reportBack', '334', null, '', 'userTask', 'admin', '2014-05-10 23:50:57', '2014-05-10 23:58:53', '476602', '');
INSERT INTO `act_hi_actinst` VALUES ('410', 'leave:1:119', '120', '120', 'endevent1', null, null, 'End', 'endEvent', null, '2014-05-10 23:58:53', '2014-05-10 23:58:53', '0', '');

-- ----------------------------
-- Table structure for `act_hi_attachment`
-- ----------------------------
DROP TABLE IF EXISTS `act_hi_attachment`;
CREATE TABLE `act_hi_attachment` (
  `ID_` varchar(64) collate utf8_bin NOT NULL,
  `REV_` int(11) default NULL,
  `USER_ID_` varchar(255) collate utf8_bin default NULL,
  `NAME_` varchar(255) collate utf8_bin default NULL,
  `DESCRIPTION_` varchar(4000) collate utf8_bin default NULL,
  `TYPE_` varchar(255) collate utf8_bin default NULL,
  `TASK_ID_` varchar(64) collate utf8_bin default NULL,
  `PROC_INST_ID_` varchar(64) collate utf8_bin default NULL,
  `URL_` varchar(4000) collate utf8_bin default NULL,
  `CONTENT_ID_` varchar(64) collate utf8_bin default NULL,
  PRIMARY KEY  (`ID_`)
) ENGINE=InnoDB DEFAULT CHARSET=utf8 COLLATE=utf8_bin;

-- ----------------------------
-- Records of act_hi_attachment
-- ----------------------------

-- ----------------------------
-- Table structure for `act_hi_comment`
-- ----------------------------
DROP TABLE IF EXISTS `act_hi_comment`;
CREATE TABLE `act_hi_comment` (
  `ID_` varchar(64) collate utf8_bin NOT NULL,
  `TYPE_` varchar(255) collate utf8_bin default NULL,
  `TIME_` datetime NOT NULL,
  `USER_ID_` varchar(255) collate utf8_bin default NULL,
  `TASK_ID_` varchar(64) collate utf8_bin default NULL,
  `PROC_INST_ID_` varchar(64) collate utf8_bin default NULL,
  `ACTION_` varchar(255) collate utf8_bin default NULL,
  `MESSAGE_` varchar(4000) collate utf8_bin default NULL,
  `FULL_MSG_` longblob,
  PRIMARY KEY  (`ID_`)
) ENGINE=InnoDB DEFAULT CHARSET=utf8 COLLATE=utf8_bin;

-- ----------------------------
-- Records of act_hi_comment
-- ----------------------------

-- ----------------------------
-- Table structure for `act_hi_detail`
-- ----------------------------
DROP TABLE IF EXISTS `act_hi_detail`;
CREATE TABLE `act_hi_detail` (
  `ID_` varchar(64) collate utf8_bin NOT NULL,
  `TYPE_` varchar(255) collate utf8_bin NOT NULL,
  `PROC_INST_ID_` varchar(64) collate utf8_bin default NULL,
  `EXECUTION_ID_` varchar(64) collate utf8_bin default NULL,
  `TASK_ID_` varchar(64) collate utf8_bin default NULL,
  `ACT_INST_ID_` varchar(64) collate utf8_bin default NULL,
  `NAME_` varchar(255) collate utf8_bin NOT NULL,
  `VAR_TYPE_` varchar(255) collate utf8_bin default NULL,
  `REV_` int(11) default NULL,
  `TIME_` datetime NOT NULL,
  `BYTEARRAY_ID_` varchar(64) collate utf8_bin default NULL,
  `DOUBLE_` double default NULL,
  `LONG_` bigint(20) default NULL,
  `TEXT_` varchar(4000) collate utf8_bin default NULL,
  `TEXT2_` varchar(4000) collate utf8_bin default NULL,
  PRIMARY KEY  (`ID_`),
  KEY `ACT_IDX_HI_DETAIL_PROC_INST` (`PROC_INST_ID_`),
  KEY `ACT_IDX_HI_DETAIL_ACT_INST` (`ACT_INST_ID_`),
  KEY `ACT_IDX_HI_DETAIL_TIME` (`TIME_`),
  KEY `ACT_IDX_HI_DETAIL_NAME` (`NAME_`),
  KEY `ACT_IDX_HI_DETAIL_TASK_ID` (`TASK_ID_`)
) ENGINE=InnoDB DEFAULT CHARSET=utf8 COLLATE=utf8_bin;

-- ----------------------------
-- Records of act_hi_detail
-- ----------------------------
INSERT INTO `act_hi_detail` VALUES ('122', 'VariableUpdate', '120', '120', null, null, 'applyUserId', 'string', '0', '2014-05-10 19:46:02', null, null, null, 'admin', null);
INSERT INTO `act_hi_detail` VALUES ('131', 'VariableUpdate', '129', '129', null, null, 'applyUserId', 'string', '0', '2014-05-10 20:14:33', null, null, null, 'admin', null);
INSERT INTO `act_hi_detail` VALUES ('212', 'VariableUpdate', '210', '210', null, null, 'applyUserId', 'string', '0', '2014-05-10 23:14:11', null, null, null, 'admin', null);
INSERT INTO `act_hi_detail` VALUES ('220', 'VariableUpdate', '218', '218', null, null, 'applyUserId', 'string', '0', '2014-05-10 23:14:56', null, null, null, 'admin', null);
INSERT INTO `act_hi_detail` VALUES ('311', 'VariableUpdate', '120', '120', null, '125', 'deptLeaderPass', 'boolean', '0', '2014-05-10 23:42:09', null, null, '1', null, null);
INSERT INTO `act_hi_detail` VALUES ('317', 'VariableUpdate', '129', '129', null, '134', 'deptLeaderPass', 'boolean', '0', '2014-05-10 23:42:23', null, null, '1', null, null);
INSERT INTO `act_hi_detail` VALUES ('324', 'VariableUpdate', '210', '210', null, '215', 'deptLeaderPass', 'boolean', '0', '2014-05-10 23:42:43', null, null, '1', null, null);
INSERT INTO `act_hi_detail` VALUES ('331', 'VariableUpdate', '120', '120', null, '313', 'hrPass', 'boolean', '0', '2014-05-10 23:50:57', null, null, '1', null, null);

-- ----------------------------
-- Table structure for `act_hi_identitylink`
-- ----------------------------
DROP TABLE IF EXISTS `act_hi_identitylink`;
CREATE TABLE `act_hi_identitylink` (
  `ID_` varchar(64) collate utf8_bin NOT NULL default '',
  `GROUP_ID_` varchar(255) collate utf8_bin default NULL,
  `TYPE_` varchar(255) collate utf8_bin default NULL,
  `USER_ID_` varchar(255) collate utf8_bin default NULL,
  `TASK_ID_` varchar(64) collate utf8_bin default NULL,
  `PROC_INST_ID_` varchar(64) collate utf8_bin default NULL,
  PRIMARY KEY  (`ID_`),
  KEY `ACT_IDX_HI_IDENT_LNK_USER` (`USER_ID_`),
  KEY `ACT_IDX_HI_IDENT_LNK_TASK` (`TASK_ID_`),
  KEY `ACT_IDX_HI_IDENT_LNK_PROCINST` (`PROC_INST_ID_`)
) ENGINE=InnoDB DEFAULT CHARSET=utf8 COLLATE=utf8_bin;

-- ----------------------------
-- Records of act_hi_identitylink
-- ----------------------------
INSERT INTO `act_hi_identitylink` VALUES ('123', null, 'starter', 'admin', null, '120');
INSERT INTO `act_hi_identitylink` VALUES ('127', 'deptLeader', 'candidate', null, '126', null);
INSERT INTO `act_hi_identitylink` VALUES ('128', null, 'participant', 'leaderuser', null, '120');
INSERT INTO `act_hi_identitylink` VALUES ('132', null, 'starter', 'admin', null, '129');
INSERT INTO `act_hi_identitylink` VALUES ('136', 'deptLeader', 'candidate', null, '135', null);
INSERT INTO `act_hi_identitylink` VALUES ('137', null, 'participant', 'leaderuser', null, '129');
INSERT INTO `act_hi_identitylink` VALUES ('213', null, 'starter', 'admin', null, '210');
INSERT INTO `act_hi_identitylink` VALUES ('217', 'deptLeader', 'candidate', null, '216', null);
INSERT INTO `act_hi_identitylink` VALUES ('221', null, 'starter', 'admin', null, '218');
INSERT INTO `act_hi_identitylink` VALUES ('225', 'deptLeader', 'candidate', null, '224', null);
INSERT INTO `act_hi_identitylink` VALUES ('315', 'hr', 'candidate', null, '314', null);
INSERT INTO `act_hi_identitylink` VALUES ('321', 'hr', 'candidate', null, '320', null);
INSERT INTO `act_hi_identitylink` VALUES ('322', null, 'participant', 'leaderuser', null, '210');
INSERT INTO `act_hi_identitylink` VALUES ('328', 'hr', 'candidate', null, '327', null);
INSERT INTO `act_hi_identitylink` VALUES ('329', null, 'participant', 'hruser', null, '120');

-- ----------------------------
-- Table structure for `act_hi_procinst`
-- ----------------------------
DROP TABLE IF EXISTS `act_hi_procinst`;
CREATE TABLE `act_hi_procinst` (
  `ID_` varchar(64) collate utf8_bin NOT NULL,
  `PROC_INST_ID_` varchar(64) collate utf8_bin NOT NULL,
  `BUSINESS_KEY_` varchar(255) collate utf8_bin default NULL,
  `PROC_DEF_ID_` varchar(64) collate utf8_bin NOT NULL,
  `START_TIME_` datetime NOT NULL,
  `END_TIME_` datetime default NULL,
  `DURATION_` bigint(20) default NULL,
  `START_USER_ID_` varchar(255) collate utf8_bin default NULL,
  `START_ACT_ID_` varchar(255) collate utf8_bin default NULL,
  `END_ACT_ID_` varchar(255) collate utf8_bin default NULL,
  `SUPER_PROCESS_INSTANCE_ID_` varchar(64) collate utf8_bin default NULL,
  `DELETE_REASON_` varchar(4000) collate utf8_bin default NULL,
  `TENANT_ID_` varchar(255) collate utf8_bin default '',
  PRIMARY KEY  (`ID_`),
  UNIQUE KEY `PROC_INST_ID_` (`PROC_INST_ID_`),
  KEY `ACT_IDX_HI_PRO_INST_END` (`END_TIME_`),
  KEY `ACT_IDX_HI_PRO_I_BUSKEY` (`BUSINESS_KEY_`)
) ENGINE=InnoDB DEFAULT CHARSET=utf8 COLLATE=utf8_bin;

-- ----------------------------
-- Records of act_hi_procinst
-- ----------------------------
INSERT INTO `act_hi_procinst` VALUES ('120', '120', '3', 'leave:1:119', '2014-05-10 19:46:02', '2014-05-10 23:58:53', '15171680', 'admin', 'startevent1', 'endevent1', null, null, '');
INSERT INTO `act_hi_procinst` VALUES ('129', '129', '4', 'leave:1:119', '2014-05-10 20:14:33', null, null, 'admin', 'startevent1', null, null, null, '');
INSERT INTO `act_hi_procinst` VALUES ('210', '210', '5', 'leave:1:119', '2014-05-10 23:14:11', null, null, 'admin', 'startevent1', null, null, null, '');
INSERT INTO `act_hi_procinst` VALUES ('218', '218', '6', 'leave:1:119', '2014-05-10 23:14:56', null, null, 'admin', 'startevent1', null, null, null, '');

-- ----------------------------
-- Table structure for `act_hi_taskinst`
-- ----------------------------
DROP TABLE IF EXISTS `act_hi_taskinst`;
CREATE TABLE `act_hi_taskinst` (
  `ID_` varchar(64) collate utf8_bin NOT NULL,
  `PROC_DEF_ID_` varchar(64) collate utf8_bin default NULL,
  `TASK_DEF_KEY_` varchar(255) collate utf8_bin default NULL,
  `PROC_INST_ID_` varchar(64) collate utf8_bin default NULL,
  `EXECUTION_ID_` varchar(64) collate utf8_bin default NULL,
  `NAME_` varchar(255) collate utf8_bin default NULL,
  `PARENT_TASK_ID_` varchar(64) collate utf8_bin default NULL,
  `DESCRIPTION_` varchar(4000) collate utf8_bin default NULL,
  `OWNER_` varchar(255) collate utf8_bin default NULL,
  `ASSIGNEE_` varchar(255) collate utf8_bin default NULL,
  `START_TIME_` datetime NOT NULL,
  `CLAIM_TIME_` datetime default NULL,
  `END_TIME_` datetime default NULL,
  `DURATION_` bigint(20) default NULL,
  `DELETE_REASON_` varchar(4000) collate utf8_bin default NULL,
  `PRIORITY_` int(11) default NULL,
  `DUE_DATE_` datetime default NULL,
  `FORM_KEY_` varchar(255) collate utf8_bin default NULL,
  `CATEGORY_` varchar(255) collate utf8_bin default NULL,
  `TENANT_ID_` varchar(255) collate utf8_bin default '',
  PRIMARY KEY  (`ID_`)
) ENGINE=InnoDB DEFAULT CHARSET=utf8 COLLATE=utf8_bin;

-- ----------------------------
-- Records of act_hi_taskinst
-- ----------------------------
INSERT INTO `act_hi_taskinst` VALUES ('126', 'leave:1:119', 'deptLeaderAudit', '120', '120', '', null, 'departLeader.jsp', null, 'leaderuser', '2014-05-10 19:46:02', '2014-05-10 20:11:50', '2014-05-10 23:42:09', '14167931', 'completed', '50', null, null, null, '');
INSERT INTO `act_hi_taskinst` VALUES ('135', 'leave:1:119', 'deptLeaderAudit', '129', '129', '', null, 'departLeader.jsp', null, 'leaderuser', '2014-05-10 20:14:33', '2014-05-10 20:23:39', '2014-05-10 23:42:23', '12470580', 'completed', '50', null, null, null, '');
INSERT INTO `act_hi_taskinst` VALUES ('216', 'leave:1:119', 'deptLeaderAudit', '210', '210', '', null, 'departLeader.jsp', null, 'leaderuser', '2014-05-10 23:14:11', '2014-05-10 23:42:32', '2014-05-10 23:42:43', '1712498', 'completed', '50', null, null, null, '');
INSERT INTO `act_hi_taskinst` VALUES ('224', 'leave:1:119', 'deptLeaderAudit', '218', '218', '', null, 'departLeader.jsp', null, null, '2014-05-10 23:14:56', null, null, null, null, '50', null, null, null, '');
INSERT INTO `act_hi_taskinst` VALUES ('314', 'leave:1:119', 'hrAudit', '120', '120', '', null, 'hr.jsp', null, 'hruser', '2014-05-10 23:42:09', '2014-05-10 23:49:11', '2014-05-10 23:50:57', '528410', 'completed', '50', null, null, null, '');
INSERT INTO `act_hi_taskinst` VALUES ('320', 'leave:1:119', 'hrAudit', '129', '129', '', null, 'hr.jsp', null, 'leaderuser', '2014-05-10 23:42:23', '2014-05-28 14:29:22', null, null, null, '50', null, null, null, '');
INSERT INTO `act_hi_taskinst` VALUES ('327', 'leave:1:119', 'hrAudit', '210', '210', '', null, 'hr.jsp', null, null, '2014-05-10 23:42:43', null, null, null, null, '50', null, null, null, '');
INSERT INTO `act_hi_taskinst` VALUES ('334', 'leave:1:119', 'reportBack', '120', '120', '', null, 'xiaojia.jsp', null, 'admin', '2014-05-10 23:50:57', null, '2014-05-10 23:58:53', '476570', 'completed', '50', null, null, null, '');

-- ----------------------------
-- Table structure for `act_hi_varinst`
-- ----------------------------
DROP TABLE IF EXISTS `act_hi_varinst`;
CREATE TABLE `act_hi_varinst` (
  `ID_` varchar(64) collate utf8_bin NOT NULL,
  `PROC_INST_ID_` varchar(64) collate utf8_bin default NULL,
  `EXECUTION_ID_` varchar(64) collate utf8_bin default NULL,
  `TASK_ID_` varchar(64) collate utf8_bin default NULL,
  `NAME_` varchar(255) collate utf8_bin NOT NULL,
  `VAR_TYPE_` varchar(100) collate utf8_bin default NULL,
  `REV_` int(11) default NULL,
  `BYTEARRAY_ID_` varchar(64) collate utf8_bin default NULL,
  `DOUBLE_` double default NULL,
  `LONG_` bigint(20) default NULL,
  `TEXT_` varchar(4000) collate utf8_bin default NULL,
  `TEXT2_` varchar(4000) collate utf8_bin default NULL,
  `CREATE_TIME_` datetime default NULL,
  `LAST_UPDATED_TIME_` datetime default NULL,
  PRIMARY KEY  (`ID_`),
  KEY `ACT_IDX_HI_PROCVAR_PROC_INST` (`PROC_INST_ID_`),
  KEY `ACT_IDX_HI_PROCVAR_NAME_TYPE` (`NAME_`,`VAR_TYPE_`)
) ENGINE=InnoDB DEFAULT CHARSET=utf8 COLLATE=utf8_bin;

-- ----------------------------
-- Records of act_hi_varinst
-- ----------------------------
INSERT INTO `act_hi_varinst` VALUES ('121', '120', '120', null, 'applyUserId', 'string', '1', null, null, null, 'admin', null, '2014-05-10 19:46:02', '2014-05-10 23:58:53');
INSERT INTO `act_hi_varinst` VALUES ('130', '129', '129', null, 'applyUserId', 'string', '0', null, null, null, 'admin', null, '2014-05-10 20:14:33', '2014-05-10 20:14:33');
INSERT INTO `act_hi_varinst` VALUES ('211', '210', '210', null, 'applyUserId', 'string', '0', null, null, null, 'admin', null, '2014-05-10 23:14:11', '2014-05-10 23:14:11');
INSERT INTO `act_hi_varinst` VALUES ('219', '218', '218', null, 'applyUserId', 'string', '0', null, null, null, 'admin', null, '2014-05-10 23:14:56', '2014-05-10 23:14:56');
INSERT INTO `act_hi_varinst` VALUES ('310', '120', '120', null, 'deptLeaderPass', 'boolean', '1', null, null, '1', null, null, '2014-05-10 23:42:09', '2014-05-10 23:58:53');
INSERT INTO `act_hi_varinst` VALUES ('316', '129', '129', null, 'deptLeaderPass', 'boolean', '0', null, null, '1', null, null, '2014-05-10 23:42:23', '2014-05-10 23:42:23');
INSERT INTO `act_hi_varinst` VALUES ('323', '210', '210', null, 'deptLeaderPass', 'boolean', '0', null, null, '1', null, null, '2014-05-10 23:42:43', '2014-05-10 23:42:43');
INSERT INTO `act_hi_varinst` VALUES ('330', '120', '120', null, 'hrPass', 'boolean', '1', null, null, '1', null, null, '2014-05-10 23:50:57', '2014-05-10 23:58:53');

-- ----------------------------
-- Table structure for `act_id_group`
-- ----------------------------
DROP TABLE IF EXISTS `act_id_group`;
CREATE TABLE `act_id_group` (
  `ID_` varchar(64) collate utf8_bin NOT NULL default '',
  `REV_` int(11) default NULL,
  `NAME_` varchar(255) collate utf8_bin default NULL,
  `TYPE_` varchar(255) collate utf8_bin default NULL,
  PRIMARY KEY  (`ID_`)
) ENGINE=InnoDB DEFAULT CHARSET=utf8 COLLATE=utf8_bin;

-- ----------------------------
-- Records of act_id_group
-- ----------------------------
INSERT INTO `act_id_group` VALUES ('admin', '1', '', 'security-role');
INSERT INTO `act_id_group` VALUES ('deptLeader', '1', '', 'assignment');
INSERT INTO `act_id_group` VALUES ('hr', '1', '', 'assignment');
INSERT INTO `act_id_group` VALUES ('user', '1', '', 'security-role');

-- ----------------------------
-- Table structure for `act_id_info`
-- ----------------------------
DROP TABLE IF EXISTS `act_id_info`;
CREATE TABLE `act_id_info` (
  `ID_` varchar(64) collate utf8_bin NOT NULL default '',
  `REV_` int(11) default NULL,
  `USER_ID_` varchar(64) collate utf8_bin default NULL,
  `TYPE_` varchar(64) collate utf8_bin default NULL,
  `KEY_` varchar(255) collate utf8_bin default NULL,
  `VALUE_` varchar(255) collate utf8_bin default NULL,
  `PASSWORD_` longblob,
  `PARENT_ID_` varchar(255) collate utf8_bin default NULL,
  PRIMARY KEY  (`ID_`)
) ENGINE=InnoDB DEFAULT CHARSET=utf8 COLLATE=utf8_bin;

-- ----------------------------
-- Records of act_id_info
-- ----------------------------

-- ----------------------------
-- Table structure for `act_id_membership`
-- ----------------------------
DROP TABLE IF EXISTS `act_id_membership`;
CREATE TABLE `act_id_membership` (
  `USER_ID_` varchar(64) collate utf8_bin NOT NULL default '',
  `GROUP_ID_` varchar(64) collate utf8_bin NOT NULL default '',
  PRIMARY KEY  (`USER_ID_`,`GROUP_ID_`),
  KEY `ACT_FK_MEMB_GROUP` (`GROUP_ID_`),
  CONSTRAINT `ACT_FK_MEMB_GROUP` FOREIGN KEY (`GROUP_ID_`) REFERENCES `act_id_group` (`ID_`),
  CONSTRAINT `ACT_FK_MEMB_USER` FOREIGN KEY (`USER_ID_`) REFERENCES `act_id_user` (`ID_`)
) ENGINE=InnoDB DEFAULT CHARSET=utf8 COLLATE=utf8_bin;

-- ----------------------------
-- Records of act_id_membership
-- ----------------------------
INSERT INTO `act_id_membership` VALUES ('admin', 'admin');
INSERT INTO `act_id_membership` VALUES ('kafeitu', 'admin');
INSERT INTO `act_id_membership` VALUES ('leaderuser', 'deptLeader');
INSERT INTO `act_id_membership` VALUES ('hruser', 'hr');
INSERT INTO `act_id_membership` VALUES ('admin', 'user');
INSERT INTO `act_id_membership` VALUES ('hruser', 'user');
INSERT INTO `act_id_membership` VALUES ('leaderuser', 'user');

-- ----------------------------
-- Table structure for `act_id_user`
-- ----------------------------
DROP TABLE IF EXISTS `act_id_user`;
CREATE TABLE `act_id_user` (
  `ID_` varchar(64) collate utf8_bin NOT NULL default '',
  `REV_` int(11) default NULL,
  `FIRST_` varchar(255) collate utf8_bin default NULL,
  `LAST_` varchar(255) collate utf8_bin default NULL,
  `EMAIL_` varchar(255) collate utf8_bin default NULL,
  `PWD_` varchar(255) collate utf8_bin default NULL,
  `PICTURE_ID_` varchar(64) collate utf8_bin default NULL,
  PRIMARY KEY  (`ID_`)
) ENGINE=InnoDB DEFAULT CHARSET=utf8 COLLATE=utf8_bin;

-- ----------------------------
-- Records of act_id_user
-- ----------------------------
INSERT INTO `act_id_user` VALUES ('admin', '1', 'Admin', 'Kad', 'admin@kad.com', '000000', '');
INSERT INTO `act_id_user` VALUES ('hruser', '1', 'Lili', 'Zhang', 'hr@gmail.com', '000000', '');
INSERT INTO `act_id_user` VALUES ('kafeitu', '1', 'Henry', 'Yan', 'yanhonglei@gmail.com', '000000', '');
INSERT INTO `act_id_user` VALUES ('leaderuser', '1', 'Jhon', 'Li', 'leader@gmail.com', '000000', '');

-- ----------------------------
-- Table structure for `act_re_deployment`
-- ----------------------------
DROP TABLE IF EXISTS `act_re_deployment`;
CREATE TABLE `act_re_deployment` (
  `ID_` varchar(64) collate utf8_bin NOT NULL default '',
  `NAME_` varchar(255) collate utf8_bin default NULL,
  `CATEGORY_` varchar(255) collate utf8_bin default NULL,
  `TENANT_ID_` varchar(255) collate utf8_bin default '',
  `DEPLOY_TIME_` timestamp NOT NULL default CURRENT_TIMESTAMP on update CURRENT_TIMESTAMP,
  PRIMARY KEY  (`ID_`)
) ENGINE=InnoDB DEFAULT CHARSET=utf8 COLLATE=utf8_bin;

-- ----------------------------
-- Records of act_re_deployment
-- ----------------------------
INSERT INTO `act_re_deployment` VALUES ('110', 'SpringAutoDeployment', null, '', '2014-05-10 19:44:12');

-- ----------------------------
-- Table structure for `act_re_model`
-- ----------------------------
DROP TABLE IF EXISTS `act_re_model`;
CREATE TABLE `act_re_model` (
  `ID_` varchar(64) collate utf8_bin NOT NULL,
  `REV_` int(11) default NULL,
  `NAME_` varchar(255) collate utf8_bin default NULL,
  `KEY_` varchar(255) collate utf8_bin default NULL,
  `CATEGORY_` varchar(255) collate utf8_bin default NULL,
  `CREATE_TIME_` timestamp NULL default NULL,
  `LAST_UPDATE_TIME_` timestamp NULL default NULL,
  `VERSION_` int(11) default NULL,
  `META_INFO_` varchar(4000) collate utf8_bin default NULL,
  `DEPLOYMENT_ID_` varchar(64) collate utf8_bin default NULL,
  `EDITOR_SOURCE_VALUE_ID_` varchar(64) collate utf8_bin default NULL,
  `EDITOR_SOURCE_EXTRA_VALUE_ID_` varchar(64) collate utf8_bin default NULL,
  `TENANT_ID_` varchar(255) collate utf8_bin default '',
  PRIMARY KEY  (`ID_`),
  KEY `ACT_FK_MODEL_SOURCE` (`EDITOR_SOURCE_VALUE_ID_`),
  KEY `ACT_FK_MODEL_SOURCE_EXTRA` (`EDITOR_SOURCE_EXTRA_VALUE_ID_`),
  KEY `ACT_FK_MODEL_DEPLOYMENT` (`DEPLOYMENT_ID_`),
  CONSTRAINT `ACT_FK_MODEL_DEPLOYMENT` FOREIGN KEY (`DEPLOYMENT_ID_`) REFERENCES `act_re_deployment` (`ID_`),
  CONSTRAINT `ACT_FK_MODEL_SOURCE` FOREIGN KEY (`EDITOR_SOURCE_VALUE_ID_`) REFERENCES `act_ge_bytearray` (`ID_`),
  CONSTRAINT `ACT_FK_MODEL_SOURCE_EXTRA` FOREIGN KEY (`EDITOR_SOURCE_EXTRA_VALUE_ID_`) REFERENCES `act_ge_bytearray` (`ID_`)
) ENGINE=InnoDB DEFAULT CHARSET=utf8 COLLATE=utf8_bin;

-- ----------------------------
-- Records of act_re_model
-- ----------------------------

-- ----------------------------
-- Table structure for `act_re_procdef`
-- ----------------------------
DROP TABLE IF EXISTS `act_re_procdef`;
CREATE TABLE `act_re_procdef` (
  `ID_` varchar(64) collate utf8_bin NOT NULL,
  `REV_` int(11) default NULL,
  `CATEGORY_` varchar(255) collate utf8_bin default NULL,
  `NAME_` varchar(255) collate utf8_bin default NULL,
  `KEY_` varchar(255) collate utf8_bin NOT NULL,
  `VERSION_` int(11) NOT NULL,
  `DEPLOYMENT_ID_` varchar(64) collate utf8_bin default NULL,
  `RESOURCE_NAME_` varchar(4000) collate utf8_bin default NULL,
  `DGRM_RESOURCE_NAME_` varchar(4000) collate utf8_bin default NULL,
  `DESCRIPTION_` varchar(4000) collate utf8_bin default NULL,
  `HAS_START_FORM_KEY_` tinyint(4) default NULL,
  `SUSPENSION_STATE_` int(11) default NULL,
  `TENANT_ID_` varchar(255) collate utf8_bin default '',
  PRIMARY KEY  (`ID_`),
  UNIQUE KEY `ACT_UNIQ_PROCDEF` (`KEY_`,`VERSION_`,`TENANT_ID_`)
) ENGINE=InnoDB DEFAULT CHARSET=utf8 COLLATE=utf8_bin;

-- ----------------------------
-- Records of act_re_procdef
-- ----------------------------
INSERT INTO `act_re_procdef` VALUES ('leave:1:119', '1', 'http://www.kafeitu.me/demo/activiti/leave', '', 'leave', '1', '110', 'E:\\testworkplace\\maven\\jeecg\\jeecg\\jeecg-framework\\target\\classes\\deployments\\leave.bpmn20.xml', 'E:\\testworkplace\\maven\\jeecg\\jeecg\\jeecg-framework\\target\\classes\\deployments\\leave.leave.png', 'leaveApply.jsp', '0', '1', '');
INSERT INTO `act_re_procdef` VALUES ('permission:1:117', '1', 'http://www.mossle.com', '', 'permission', '1', '110', 'E:\\testworkplace\\maven\\jeecg\\jeecg\\jeecg-framework\\target\\classes\\deployments\\permission.bpmn20.xml', 'E:\\testworkplace\\maven\\jeecg\\jeecg\\jeecg-framework\\target\\classes\\deployments\\permission.permission.png', null, '0', '1', '');
INSERT INTO `act_re_procdef` VALUES ('publish:1:118', '1', 'http://www.mossle.com', '', 'publish', '1', '110', 'E:\\testworkplace\\maven\\jeecg\\jeecg\\jeecg-framework\\target\\classes\\deployments\\publish.bpmn20.xml', 'E:\\testworkplace\\maven\\jeecg\\jeecg\\jeecg-framework\\target\\classes\\deployments\\publish.publish.png', null, '0', '1', '');

-- ----------------------------
-- Table structure for `act_ru_event_subscr`
-- ----------------------------
DROP TABLE IF EXISTS `act_ru_event_subscr`;
CREATE TABLE `act_ru_event_subscr` (
  `ID_` varchar(64) collate utf8_bin NOT NULL,
  `REV_` int(11) default NULL,
  `EVENT_TYPE_` varchar(255) collate utf8_bin NOT NULL,
  `EVENT_NAME_` varchar(255) collate utf8_bin default NULL,
  `EXECUTION_ID_` varchar(64) collate utf8_bin default NULL,
  `PROC_INST_ID_` varchar(64) collate utf8_bin default NULL,
  `ACTIVITY_ID_` varchar(64) collate utf8_bin default NULL,
  `CONFIGURATION_` varchar(255) collate utf8_bin default NULL,
  `CREATED_` timestamp NOT NULL default CURRENT_TIMESTAMP,
  `PROC_DEF_ID_` varchar(64) collate utf8_bin default NULL,
  `TENANT_ID_` varchar(255) collate utf8_bin default '',
  PRIMARY KEY  (`ID_`),
  KEY `ACT_IDX_EVENT_SUBSCR_CONFIG_` (`CONFIGURATION_`),
  KEY `ACT_FK_EVENT_EXEC` (`EXECUTION_ID_`),
  CONSTRAINT `ACT_FK_EVENT_EXEC` FOREIGN KEY (`EXECUTION_ID_`) REFERENCES `act_ru_execution` (`ID_`)
) ENGINE=InnoDB DEFAULT CHARSET=utf8 COLLATE=utf8_bin;

-- ----------------------------
-- Records of act_ru_event_subscr
-- ----------------------------

-- ----------------------------
-- Table structure for `act_ru_execution`
-- ----------------------------
DROP TABLE IF EXISTS `act_ru_execution`;
CREATE TABLE `act_ru_execution` (
  `ID_` varchar(64) collate utf8_bin NOT NULL default '',
  `REV_` int(11) default NULL,
  `PROC_INST_ID_` varchar(64) collate utf8_bin default NULL,
  `BUSINESS_KEY_` varchar(255) collate utf8_bin default NULL,
  `PARENT_ID_` varchar(64) collate utf8_bin default NULL,
  `PROC_DEF_ID_` varchar(64) collate utf8_bin default NULL,
  `SUPER_EXEC_` varchar(64) collate utf8_bin default NULL,
  `ACT_ID_` varchar(255) collate utf8_bin default NULL,
  `IS_ACTIVE_` tinyint(4) default NULL,
  `IS_CONCURRENT_` tinyint(4) default NULL,
  `IS_SCOPE_` tinyint(4) default NULL,
  `IS_EVENT_SCOPE_` tinyint(4) default NULL,
  `SUSPENSION_STATE_` int(11) default NULL,
  `CACHED_ENT_STATE_` int(11) default NULL,
  `TENANT_ID_` varchar(255) collate utf8_bin default '',
  PRIMARY KEY  (`ID_`),
  KEY `ACT_IDX_EXEC_BUSKEY` (`BUSINESS_KEY_`),
  KEY `ACT_FK_EXE_PROCINST` (`PROC_INST_ID_`),
  KEY `ACT_FK_EXE_PARENT` (`PARENT_ID_`),
  KEY `ACT_FK_EXE_SUPER` (`SUPER_EXEC_`),
  KEY `ACT_FK_EXE_PROCDEF` (`PROC_DEF_ID_`),
  CONSTRAINT `ACT_FK_EXE_PARENT` FOREIGN KEY (`PARENT_ID_`) REFERENCES `act_ru_execution` (`ID_`),
  CONSTRAINT `ACT_FK_EXE_PROCDEF` FOREIGN KEY (`PROC_DEF_ID_`) REFERENCES `act_re_procdef` (`ID_`),
  CONSTRAINT `ACT_FK_EXE_PROCINST` FOREIGN KEY (`PROC_INST_ID_`) REFERENCES `act_ru_execution` (`ID_`) ON DELETE CASCADE ON UPDATE CASCADE,
  CONSTRAINT `ACT_FK_EXE_SUPER` FOREIGN KEY (`SUPER_EXEC_`) REFERENCES `act_ru_execution` (`ID_`)
) ENGINE=InnoDB DEFAULT CHARSET=utf8 COLLATE=utf8_bin;

-- ----------------------------
-- Records of act_ru_execution
-- ----------------------------
INSERT INTO `act_ru_execution` VALUES ('129', '2', '129', '4', null, 'leave:1:119', null, 'hrAudit', '1', '0', '1', '0', '1', '2', '');
INSERT INTO `act_ru_execution` VALUES ('210', '2', '210', '5', null, 'leave:1:119', null, 'hrAudit', '1', '0', '1', '0', '1', '2', '');
INSERT INTO `act_ru_execution` VALUES ('218', '1', '218', '6', null, 'leave:1:119', null, 'deptLeaderAudit', '1', '0', '1', '0', '1', '2', '');

-- ----------------------------
-- Table structure for `act_ru_identitylink`
-- ----------------------------
DROP TABLE IF EXISTS `act_ru_identitylink`;
CREATE TABLE `act_ru_identitylink` (
  `ID_` varchar(64) collate utf8_bin NOT NULL default '',
  `REV_` int(11) default NULL,
  `GROUP_ID_` varchar(255) collate utf8_bin default NULL,
  `TYPE_` varchar(255) collate utf8_bin default NULL,
  `USER_ID_` varchar(255) collate utf8_bin default NULL,
  `TASK_ID_` varchar(64) collate utf8_bin default NULL,
  `PROC_INST_ID_` varchar(64) collate utf8_bin default NULL,
  `PROC_DEF_ID_` varchar(64) collate utf8_bin default NULL,
  PRIMARY KEY  (`ID_`),
  KEY `ACT_IDX_IDENT_LNK_USER` (`USER_ID_`),
  KEY `ACT_IDX_IDENT_LNK_GROUP` (`GROUP_ID_`),
  KEY `ACT_IDX_ATHRZ_PROCEDEF` (`PROC_DEF_ID_`),
  KEY `ACT_FK_TSKASS_TASK` (`TASK_ID_`),
  KEY `ACT_FK_IDL_PROCINST` (`PROC_INST_ID_`),
  CONSTRAINT `ACT_FK_ATHRZ_PROCEDEF` FOREIGN KEY (`PROC_DEF_ID_`) REFERENCES `act_re_procdef` (`ID_`),
  CONSTRAINT `ACT_FK_IDL_PROCINST` FOREIGN KEY (`PROC_INST_ID_`) REFERENCES `act_ru_execution` (`ID_`),
  CONSTRAINT `ACT_FK_TSKASS_TASK` FOREIGN KEY (`TASK_ID_`) REFERENCES `act_ru_task` (`ID_`)
) ENGINE=InnoDB DEFAULT CHARSET=utf8 COLLATE=utf8_bin;

-- ----------------------------
-- Records of act_ru_identitylink
-- ----------------------------
INSERT INTO `act_ru_identitylink` VALUES ('132', '1', null, 'starter', 'admin', null, '129', null);
INSERT INTO `act_ru_identitylink` VALUES ('137', '1', null, 'participant', 'leaderuser', null, '129', null);
INSERT INTO `act_ru_identitylink` VALUES ('213', '1', null, 'starter', 'admin', null, '210', null);
INSERT INTO `act_ru_identitylink` VALUES ('221', '1', null, 'starter', 'admin', null, '218', null);
INSERT INTO `act_ru_identitylink` VALUES ('225', '1', 'deptLeader', 'candidate', null, '224', null, null);
INSERT INTO `act_ru_identitylink` VALUES ('321', '1', 'hr', 'candidate', null, '320', null, null);
INSERT INTO `act_ru_identitylink` VALUES ('322', '1', null, 'participant', 'leaderuser', null, '210', null);
INSERT INTO `act_ru_identitylink` VALUES ('328', '1', 'hr', 'candidate', null, '327', null, null);

-- ----------------------------
-- Table structure for `act_ru_job`
-- ----------------------------
DROP TABLE IF EXISTS `act_ru_job`;
CREATE TABLE `act_ru_job` (
  `ID_` varchar(64) collate utf8_bin NOT NULL,
  `REV_` int(11) default NULL,
  `TYPE_` varchar(255) collate utf8_bin NOT NULL,
  `LOCK_EXP_TIME_` timestamp NULL default NULL,
  `LOCK_OWNER_` varchar(255) collate utf8_bin default NULL,
  `EXCLUSIVE_` tinyint(1) default NULL,
  `EXECUTION_ID_` varchar(64) collate utf8_bin default NULL,
  `PROCESS_INSTANCE_ID_` varchar(64) collate utf8_bin default NULL,
  `PROC_DEF_ID_` varchar(64) collate utf8_bin default NULL,
  `RETRIES_` int(11) default NULL,
  `EXCEPTION_STACK_ID_` varchar(64) collate utf8_bin default NULL,
  `EXCEPTION_MSG_` varchar(4000) collate utf8_bin default NULL,
  `DUEDATE_` timestamp NULL default NULL,
  `REPEAT_` varchar(255) collate utf8_bin default NULL,
  `HANDLER_TYPE_` varchar(255) collate utf8_bin default NULL,
  `HANDLER_CFG_` varchar(4000) collate utf8_bin default NULL,
  `TENANT_ID_` varchar(255) collate utf8_bin default '',
  PRIMARY KEY  (`ID_`),
  KEY `ACT_FK_JOB_EXCEPTION` (`EXCEPTION_STACK_ID_`),
  CONSTRAINT `ACT_FK_JOB_EXCEPTION` FOREIGN KEY (`EXCEPTION_STACK_ID_`) REFERENCES `act_ge_bytearray` (`ID_`)
) ENGINE=InnoDB DEFAULT CHARSET=utf8 COLLATE=utf8_bin;

-- ----------------------------
-- Records of act_ru_job
-- ----------------------------

-- ----------------------------
-- Table structure for `act_ru_task`
-- ----------------------------
DROP TABLE IF EXISTS `act_ru_task`;
CREATE TABLE `act_ru_task` (
  `ID_` varchar(64) collate utf8_bin NOT NULL default '',
  `REV_` int(11) default NULL,
  `EXECUTION_ID_` varchar(64) collate utf8_bin default NULL,
  `PROC_INST_ID_` varchar(64) collate utf8_bin default NULL,
  `PROC_DEF_ID_` varchar(64) collate utf8_bin default NULL,
  `NAME_` varchar(255) collate utf8_bin default NULL,
  `PARENT_TASK_ID_` varchar(64) collate utf8_bin default NULL,
  `DESCRIPTION_` varchar(4000) collate utf8_bin default NULL,
  `TASK_DEF_KEY_` varchar(255) collate utf8_bin default NULL,
  `OWNER_` varchar(255) collate utf8_bin default NULL,
  `ASSIGNEE_` varchar(255) collate utf8_bin default NULL,
  `DELEGATION_` varchar(64) collate utf8_bin default NULL,
  `PRIORITY_` int(11) default NULL,
  `CREATE_TIME_` timestamp NOT NULL default CURRENT_TIMESTAMP on update CURRENT_TIMESTAMP,
  `DUE_DATE_` datetime default NULL,
  `CATEGORY_` varchar(255) collate utf8_bin default NULL,
  `SUSPENSION_STATE_` int(11) default NULL,
  `TENANT_ID_` varchar(255) collate utf8_bin default '',
  PRIMARY KEY  (`ID_`),
  KEY `ACT_IDX_TASK_CREATE` (`CREATE_TIME_`),
  KEY `ACT_FK_TASK_EXE` (`EXECUTION_ID_`),
  KEY `ACT_FK_TASK_PROCINST` (`PROC_INST_ID_`),
  KEY `ACT_FK_TASK_PROCDEF` (`PROC_DEF_ID_`),
  CONSTRAINT `ACT_FK_TASK_EXE` FOREIGN KEY (`EXECUTION_ID_`) REFERENCES `act_ru_execution` (`ID_`),
  CONSTRAINT `ACT_FK_TASK_PROCDEF` FOREIGN KEY (`PROC_DEF_ID_`) REFERENCES `act_re_procdef` (`ID_`),
  CONSTRAINT `ACT_FK_TASK_PROCINST` FOREIGN KEY (`PROC_INST_ID_`) REFERENCES `act_ru_execution` (`ID_`)
) ENGINE=InnoDB DEFAULT CHARSET=utf8 COLLATE=utf8_bin;

-- ----------------------------
-- Records of act_ru_task
-- ----------------------------
INSERT INTO `act_ru_task` VALUES ('224', '1', '218', '218', 'leave:1:119', '', null, 'departLeader.jsp', 'deptLeaderAudit', null, null, null, '50', '2014-05-10 23:14:56', null, null, '1', '');
INSERT INTO `act_ru_task` VALUES ('320', '2', '129', '129', 'leave:1:119', '', null, 'hr.jsp', 'hrAudit', null, 'leaderuser', null, '50', '2014-05-10 23:42:23', null, null, '1', '');
INSERT INTO `act_ru_task` VALUES ('327', '1', '210', '210', 'leave:1:119', '', null, 'hr.jsp', 'hrAudit', null, null, null, '50', '2014-05-10 23:42:43', null, null, '1', '');

-- ----------------------------
-- Table structure for `act_ru_variable`
-- ----------------------------
DROP TABLE IF EXISTS `act_ru_variable`;
CREATE TABLE `act_ru_variable` (
  `ID_` varchar(64) collate utf8_bin NOT NULL,
  `REV_` int(11) default NULL,
  `TYPE_` varchar(255) collate utf8_bin NOT NULL,
  `NAME_` varchar(255) collate utf8_bin NOT NULL,
  `EXECUTION_ID_` varchar(64) collate utf8_bin default NULL,
  `PROC_INST_ID_` varchar(64) collate utf8_bin default NULL,
  `TASK_ID_` varchar(64) collate utf8_bin default NULL,
  `BYTEARRAY_ID_` varchar(64) collate utf8_bin default NULL,
  `DOUBLE_` double default NULL,
  `LONG_` bigint(20) default NULL,
  `TEXT_` varchar(4000) collate utf8_bin default NULL,
  `TEXT2_` varchar(4000) collate utf8_bin default NULL,
  PRIMARY KEY  (`ID_`),
  KEY `ACT_IDX_VARIABLE_TASK_ID` (`TASK_ID_`),
  KEY `ACT_FK_VAR_EXE` (`EXECUTION_ID_`),
  KEY `ACT_FK_VAR_PROCINST` (`PROC_INST_ID_`),
  KEY `ACT_FK_VAR_BYTEARRAY` (`BYTEARRAY_ID_`),
  CONSTRAINT `ACT_FK_VAR_BYTEARRAY` FOREIGN KEY (`BYTEARRAY_ID_`) REFERENCES `act_ge_bytearray` (`ID_`),
  CONSTRAINT `ACT_FK_VAR_EXE` FOREIGN KEY (`EXECUTION_ID_`) REFERENCES `act_ru_execution` (`ID_`),
  CONSTRAINT `ACT_FK_VAR_PROCINST` FOREIGN KEY (`PROC_INST_ID_`) REFERENCES `act_ru_execution` (`ID_`)
) ENGINE=InnoDB DEFAULT CHARSET=utf8 COLLATE=utf8_bin;

-- ----------------------------
-- Records of act_ru_variable
-- ----------------------------
INSERT INTO `act_ru_variable` VALUES ('130', '1', 'string', 'applyUserId', '129', '129', null, null, null, null, 'admin', null);
INSERT INTO `act_ru_variable` VALUES ('211', '1', 'string', 'applyUserId', '210', '210', null, null, null, null, 'admin', null);
INSERT INTO `act_ru_variable` VALUES ('219', '1', 'string', 'applyUserId', '218', '218', null, null, null, null, 'admin', null);
INSERT INTO `act_ru_variable` VALUES ('316', '1', 'boolean', 'deptLeaderPass', '129', '129', null, null, null, '1', null, null);
INSERT INTO `act_ru_variable` VALUES ('323', '1', 'boolean', 'deptLeaderPass', '210', '210', null, null, null, '1', null, null);

-- ----------------------------
-- Table structure for `cgform_button`
-- ----------------------------
DROP TABLE IF EXISTS `cgform_button`;
CREATE TABLE `cgform_button` (
  `ID` varchar(32) NOT NULL,
  `BUTTON_CODE` varchar(50) default NULL,
  `button_icon` varchar(20) default NULL,
  `BUTTON_NAME` varchar(50) default NULL,
  `BUTTON_STATUS` varchar(2) default NULL,
  `BUTTON_STYLE` varchar(20) default NULL,
  `EXP` varchar(255) default NULL,
  `FORM_ID` varchar(32) default NULL,
  `OPT_TYPE` varchar(20) default NULL,
  `order_num` int(11) default NULL,
  PRIMARY KEY  (`ID`)
) ENGINE=InnoDB DEFAULT CHARSET=utf8;

-- ----------------------------
-- Records of cgform_button
-- ----------------------------

-- ----------------------------
-- Table structure for `cgform_button_sql`
-- ----------------------------
DROP TABLE IF EXISTS `cgform_button_sql`;
CREATE TABLE `cgform_button_sql` (
  `ID` varchar(32) NOT NULL,
  `BUTTON_CODE` varchar(50) default NULL,
  `CGB_SQL` tinyblob,
  `CGB_SQL_NAME` varchar(50) default NULL,
  `CONTENT` longtext,
  `FORM_ID` varchar(32) default NULL,
  PRIMARY KEY  (`ID`)
) ENGINE=InnoDB DEFAULT CHARSET=utf8;

-- ----------------------------
-- Records of cgform_button_sql
-- ----------------------------

-- ----------------------------
-- Table structure for `cgform_enhance_js`
-- ----------------------------
DROP TABLE IF EXISTS `cgform_enhance_js`;
CREATE TABLE `cgform_enhance_js` (
  `ID` varchar(32) NOT NULL,
  `CG_JS` blob,
  `CG_JS_TYPE` varchar(20) default NULL,
  `CONTENT` longtext,
  `FORM_ID` varchar(32) default NULL,
  PRIMARY KEY  (`ID`)
) ENGINE=InnoDB DEFAULT CHARSET=utf8;

-- ----------------------------
-- Records of cgform_enhance_js
-- ----------------------------

-- ----------------------------
-- Table structure for `cgform_field`
-- ----------------------------
DROP TABLE IF EXISTS `cgform_field`;
CREATE TABLE `cgform_field` (
  `id` varchar(32) NOT NULL,
  `content` varchar(200) NOT NULL,
  `create_by` varchar(255) default NULL,
  `create_date` datetime default NULL,
  `create_name` varchar(32) default NULL,
  `dict_field` varchar(100) default NULL,
  `dict_table` varchar(100) default NULL,
  `dict_text` varchar(100) default NULL,
  `field_default` varchar(20) default NULL,
  `field_href` varchar(200) default NULL,
  `field_length` int(11) default NULL,
  `field_name` varchar(32) NOT NULL,
  `field_valid_type` varchar(10) default NULL,
  `is_key` varchar(2) default NULL,
  `is_null` varchar(5) default NULL,
  `is_query` varchar(5) default NULL,
  `is_show` varchar(5) default NULL,
  `is_show_list` varchar(5) default NULL,
  `length` int(11) NOT NULL,
  `main_field` varchar(100) default NULL,
  `main_table` varchar(100) default NULL,
  `old_field_name` varchar(32) default NULL,
  `order_num` int(11) default NULL,
  `point_length` int(11) default NULL,
  `query_mode` varchar(10) default NULL,
  `show_type` varchar(10) default NULL,
  `type` varchar(32) NOT NULL,
  `update_by` varchar(32) default NULL,
  `update_date` datetime default NULL,
  `update_name` varchar(32) default NULL,
  `table_id` varchar(32) NOT NULL,
  PRIMARY KEY  (`id`)
) ENGINE=InnoDB DEFAULT CHARSET=utf8;

-- ----------------------------
-- Records of cgform_field
-- ----------------------------
INSERT INTO `cgform_field` VALUES ('402881e445e4b8990145e4b9562c012f', '', 'admin', '2014-05-10 14:02:02', '', '', '', null, null, null, '0', 'id', null, 'Y', 'N', 'N', 'N', 'N', '36', '', '', null, '0', '0', 'single', 'text', 'string', null, null, null, '402881e445e4b8990145e4b9560c012a');
INSERT INTO `cgform_field` VALUES ('402881e445e4b8990145e4b9563c0130', '', 'admin', '2014-05-10 14:02:02', '', '', '', null, null, null, '0', 'order_code', null, 'N', 'Y', 'Y', 'Y', 'Y', '50', '', '', null, '1', '0', 'single', 'text', 'string', null, null, null, '402881e445e4b8990145e4b9560c012a');
INSERT INTO `cgform_field` VALUES ('402881e445e4b8990145e4b9563c0131', '', 'admin', '2014-05-10 14:02:02', '', '', '', null, null, null, '0', 'order_date', null, 'N', 'Y', 'Y', 'Y', 'Y', '20', '', '', null, '2', '0', 'single', 'date', 'Date', null, null, null, '402881e445e4b8990145e4b9560c012a');
INSERT INTO `cgform_field` VALUES ('402881e445e4b8990145e4b9564b0132', '', 'admin', '2014-05-10 14:02:02', '', '', '', null, null, null, '0', 'order_money', null, 'N', 'Y', 'Y', 'Y', 'Y', '10', '', '', null, '3', '3', 'single', 'text', 'double', null, null, null, '402881e445e4b8990145e4b9560c012a');
INSERT INTO `cgform_field` VALUES ('402881e445e4b8990145e4b9564b0133', '', 'admin', '2014-05-10 14:02:02', '', '', '', null, null, null, '0', 'content', null, 'N', 'Y', 'Y', 'Y', 'Y', '255', '', '', null, '4', '0', 'single', 'text', 'string', null, null, null, '402881e445e4b8990145e4b9560c012a');
INSERT INTO `cgform_field` VALUES ('402881e445e4b8990145e4b9565b0134', '', 'admin', '2014-05-10 14:02:02', '', '', '', null, null, null, '0', 'id', null, 'Y', 'N', 'N', 'N', 'N', '36', '', '', null, '0', '0', 'single', 'text', 'string', null, null, null, '402881e445e4b8990145e4b9561c012b');
INSERT INTO `cgform_field` VALUES ('402881e445e4b8990145e4b9565b0135', '', 'admin', '2014-05-10 14:02:02', '', '', '', null, null, null, '0', 'title', null, 'N', 'N', 'N', 'Y', 'Y', '50', '', '', null, '1', '0', 'single', 'text', 'string', null, null, null, '402881e445e4b8990145e4b9561c012b');
INSERT INTO `cgform_field` VALUES ('402881e445e4b8990145e4b9565b0136', '', 'admin', '2014-05-10 14:02:02', '', '', '', null, null, null, '0', 'people', null, 'N', 'N', 'Y', 'Y', 'Y', '20', '', '', null, '2', '0', 'single', 'text', 'string', null, null, null, '402881e445e4b8990145e4b9561c012b');
INSERT INTO `cgform_field` VALUES ('402881e445e4b8990145e4b9565b0137', '', 'admin', '2014-05-10 14:02:02', '', 'sex', '', null, null, null, '0', 'sex', null, 'N', 'N', 'Y', 'Y', 'Y', '10', '', '', null, '3', '0', 'single', 'list', 'string', null, null, null, '402881e445e4b8990145e4b9561c012b');
INSERT INTO `cgform_field` VALUES ('402881e445e4b8990145e4b9565b0138', '', 'admin', '2014-05-10 14:02:02', '', '', '', null, null, null, '0', 'begindate', null, 'N', 'N', 'N', 'Y', 'Y', '0', '', '', null, '4', '0', 'group', 'date', 'Date', null, null, null, '402881e445e4b8990145e4b9561c012b');
INSERT INTO `cgform_field` VALUES ('402881e445e4b8990145e4b9565b0139', '', 'admin', '2014-05-10 14:02:02', '', '', '', null, null, null, '0', 'enddate', null, 'N', 'N', 'N', 'Y', 'Y', '0', '', '', null, '5', '0', 'group', 'datetime', 'Date', null, null, null, '402881e445e4b8990145e4b9561c012b');
INSERT INTO `cgform_field` VALUES ('402881e445e4b8990145e4b9566b013a', '', 'admin', '2014-05-10 14:02:02', '', 'id', 't_s_depart', 'departname', null, null, '0', 'hol_dept', null, 'N', 'N', 'N', 'Y', 'Y', '32', '', '', null, '7', '0', 'single', 'list', 'string', null, null, null, '402881e445e4b8990145e4b9561c012b');
INSERT INTO `cgform_field` VALUES ('402881e445e4b8990145e4b9566b013b', '', 'admin', '2014-05-10 14:02:02', '', '', '', null, null, null, '0', 'hol_reson', null, 'N', 'N', 'N', 'Y', 'Y', '255', '', '', null, '8', '0', 'single', 'text', 'string', null, null, null, '402881e445e4b8990145e4b9561c012b');
INSERT INTO `cgform_field` VALUES ('402881e445e4b8990145e4b9566b013c', '', 'admin', '2014-05-10 14:02:02', '', '', '', null, null, null, '0', 'dep_leader', null, 'N', 'N', 'N', 'Y', 'Y', '20', '', '', null, '9', '0', 'single', 'text', 'string', null, null, null, '402881e445e4b8990145e4b9561c012b');
INSERT INTO `cgform_field` VALUES ('402881e445e4b8990145e4b9566b013d', '', 'admin', '2014-05-10 14:02:02', '', '', '', null, null, null, '0', 'content', null, 'N', 'N', 'N', 'Y', 'Y', '255', '', '', null, '10', '0', 'single', 'text', 'string', null, null, null, '402881e445e4b8990145e4b9561c012b');
INSERT INTO `cgform_field` VALUES ('402881e445e4b8990145e4b9567a013e', '', 'admin', '2014-05-10 14:02:02', '', '', '', null, null, null, '120', 'day_num', null, 'N', 'Y', 'N', 'Y', 'Y', '10', '', '', null, '6', '0', 'single', 'text', 'int', null, null, null, '402881e445e4b8990145e4b9561c012b');
INSERT INTO `cgform_field` VALUES ('402881e445e4b8990145e4b9568a013f', '', 'admin', '2014-05-10 14:02:02', '', '', '', null, null, null, '0', 'id', null, 'Y', 'N', 'N', 'N', 'N', '36', '', '', null, '0', '0', 'single', 'text', 'string', null, null, null, '402881e445e4b8990145e4b9561c012c');
INSERT INTO `cgform_field` VALUES ('402881e445e4b8990145e4b9568a0140', '', 'admin', '2014-05-10 14:02:02', '', '', '', null, null, null, '0', 'name', null, 'N', 'Y', 'Y', 'Y', 'Y', '32', '', '', null, '1', '0', 'single', 'text', 'string', null, null, null, '402881e445e4b8990145e4b9561c012c');
INSERT INTO `cgform_field` VALUES ('402881e445e4b8990145e4b9568a0141', '', 'admin', '2014-05-10 14:02:02', '', '', '', null, null, null, '0', 'money', null, 'N', 'Y', 'Y', 'Y', 'Y', '10', '', '', null, '2', '2', 'group', 'text', 'double', null, null, null, '402881e445e4b8990145e4b9561c012c');
INSERT INTO `cgform_field` VALUES ('402881e445e4b8990145e4b9568a0142', '', 'admin', '2014-05-10 14:02:02', '', '', '', null, null, null, '120', 'fk_id', null, 'N', 'N', 'Y', 'N', 'N', '36', 'id', 'jform_order_main', null, '5', '0', 'single', 'text', 'string', null, null, null, '402881e445e4b8990145e4b9561c012c');
INSERT INTO `cgform_field` VALUES ('402881e445e4b8990145e4b9568a0143', '', 'admin', '2014-05-10 14:02:02', '', '', '', null, null, null, '120', 'telphone', null, 'N', 'Y', 'Y', 'Y', 'Y', '32', '', '', null, '4', '0', 'single', 'text', 'string', null, null, null, '402881e445e4b8990145e4b9561c012c');
INSERT INTO `cgform_field` VALUES ('402881e445e4b8990145e4b956990144', '', 'admin', '2014-05-10 14:02:02', '', 'sex', '', null, null, null, '120', 'sex', null, 'N', 'Y', 'Y', 'Y', 'Y', '4', '', '', null, '3', '0', 'single', 'radio', 'string', null, null, null, '402881e445e4b8990145e4b9561c012c');
INSERT INTO `cgform_field` VALUES ('402881e445e4b8990145e4b956990145', '', 'admin', '2014-05-10 14:02:02', '', '', '', null, null, null, '120', 'id', null, 'Y', 'N', 'N', 'N', 'N', '36', '', '', null, '0', '0', 'single', 'checkbox', 'string', null, null, null, '402881e445e4b8990145e4b9561c012d');
INSERT INTO `cgform_field` VALUES ('402881e445e4b8990145e4b956990146', '', 'admin', '2014-05-10 14:02:02', '', '', '', null, null, null, '120', 'ticket_code', null, 'N', 'N', 'Y', 'Y', 'Y', '100', '', '', null, '1', '0', 'single', 'text', 'string', null, null, null, '402881e445e4b8990145e4b9561c012d');
INSERT INTO `cgform_field` VALUES ('402881e445e4b8990145e4b956990147', '', 'admin', '2014-05-10 14:02:02', '', '', '', null, null, null, '120', 'tickect_date', null, 'N', 'N', 'Y', 'Y', 'Y', '10', '', '', null, '2', '0', 'single', 'datetime', 'Date', null, null, null, '402881e445e4b8990145e4b9561c012d');
INSERT INTO `cgform_field` VALUES ('402881e445e4b8990145e4b956a90148', '', 'admin', '2014-05-10 14:02:02', '', '', '', null, null, null, '120', 'fck_id', null, 'N', 'N', 'N', 'N', 'N', '36', 'id', 'jform_order_main', null, '3', '0', 'single', 'text', 'string', null, null, null, '402881e445e4b8990145e4b9561c012d');
INSERT INTO `cgform_field` VALUES ('402881e445e4b8990145e4b956a90149', '', 'admin', '2014-05-10 14:02:02', '', '', '', null, null, null, '0', 'id', null, 'Y', 'N', 'N', 'N', 'N', '36', '', '', null, '0', '0', 'single', 'text', 'string', null, null, null, '402881e445e4b8990145e4b9561c012e');
INSERT INTO `cgform_field` VALUES ('402881e445e4b8990145e4b956a9014a', '', 'admin', '2014-05-10 14:02:02', '', '', '', null, null, null, '0', 'a', null, 'N', 'N', 'Y', 'Y', 'Y', '10', '', '', null, '1', '2', 'group', 'text', 'double', null, null, null, '402881e445e4b8990145e4b9561c012e');
INSERT INTO `cgform_field` VALUES ('402881e445e4b8990145e4b956a9014b', '', 'admin', '2014-05-10 14:02:02', '', '', '', null, null, null, '0', 'b1', null, 'N', 'N', 'N', 'Y', 'Y', '10', '', '', null, '2', '2', 'group', 'text', 'double', null, null, null, '402881e445e4b8990145e4b9561c012e');
INSERT INTO `cgform_field` VALUES ('402881e445e4b8990145e4b956a9014c', '', 'admin', '2014-05-10 14:02:02', '', '', '', null, null, null, '0', 'b11', null, 'N', 'N', 'N', 'Y', 'Y', '100', '', '', null, '3', '0', 'group', 'text', 'string', null, null, null, '402881e445e4b8990145e4b9561c012e');
INSERT INTO `cgform_field` VALUES ('402881e445e4b8990145e4b956b9014d', '', 'admin', '2014-05-10 14:02:02', '', '', '', null, null, null, '0', 'b12', null, 'N', 'N', 'N', 'Y', 'Y', '100', '', '', null, '4', '0', 'group', 'text', 'string', null, null, null, '402881e445e4b8990145e4b9561c012e');
INSERT INTO `cgform_field` VALUES ('402881e445e4b8990145e4b956b9014e', '', 'admin', '2014-05-10 14:02:02', '', '', '', null, null, null, '0', 'b13', null, 'N', 'N', 'N', 'Y', 'Y', '100', '', '', null, '5', '0', 'single', 'text', 'string', null, null, null, '402881e445e4b8990145e4b9561c012e');
INSERT INTO `cgform_field` VALUES ('402881e445e4b8990145e4b956b9014f', '', 'admin', '2014-05-10 14:02:02', '', '', '', null, null, null, '0', 'b2', null, 'N', 'N', 'N', 'Y', 'Y', '10', '', '', null, '6', '2', 'single', 'text', 'double', null, null, null, '402881e445e4b8990145e4b9561c012e');
INSERT INTO `cgform_field` VALUES ('402881e445e4b8990145e4b956b90150', '', 'admin', '2014-05-10 14:02:02', '', '', '', null, null, null, '0', 'b3', null, 'N', 'N', 'N', 'Y', 'Y', '10', '', '', null, '7', '2', 'single', 'text', 'double', null, null, null, '402881e445e4b8990145e4b9561c012e');
INSERT INTO `cgform_field` VALUES ('402881e445e4b8990145e4b956c80151', '', 'admin', '2014-05-10 14:02:02', '', '', '', null, null, null, '0', 'b31', null, 'N', 'N', 'N', 'Y', 'Y', '100', '', '', null, '8', '0', 'single', 'text', 'string', null, null, null, '402881e445e4b8990145e4b9561c012e');
INSERT INTO `cgform_field` VALUES ('402881e445e4b8990145e4b956c80152', '', 'admin', '2014-05-10 14:02:02', '', '', '', null, null, null, '0', 'b32', null, 'N', 'N', 'N', 'Y', 'Y', '100', '', '', null, '9', '0', 'single', 'text', 'string', null, null, null, '402881e445e4b8990145e4b9561c012e');
INSERT INTO `cgform_field` VALUES ('402881e445e4b8990145e4b956c80153', '', 'admin', '2014-05-10 14:02:02', '', '', '', null, null, null, '0', 'b33', null, 'N', 'N', 'N', 'Y', 'Y', '100', '', '', null, '10', '0', 'single', 'text', 'string', null, null, null, '402881e445e4b8990145e4b9561c012e');
INSERT INTO `cgform_field` VALUES ('402881e445e4b8990145e4b956c80154', '', 'admin', '2014-05-10 14:02:02', '', '', '', null, null, null, '0', 'c1', null, 'N', 'N', 'N', 'Y', 'Y', '10', '', '', null, '11', '2', 'single', 'text', 'double', null, null, null, '402881e445e4b8990145e4b9561c012e');
INSERT INTO `cgform_field` VALUES ('402881e445e4b8990145e4b956c80155', '', 'admin', '2014-05-10 14:02:02', '', '', '', null, null, null, '0', 'c2', null, 'N', 'N', 'N', 'Y', 'Y', '10', '', '', null, '12', '2', 'single', 'text', 'double', null, null, null, '402881e445e4b8990145e4b9561c012e');
INSERT INTO `cgform_field` VALUES ('402881e445e4b8990145e4b956d80156', '', 'admin', '2014-05-10 14:02:02', '', '', '', null, null, null, '0', 'c3', null, 'N', 'N', 'N', 'Y', 'Y', '10', '', '', null, '13', '2', 'single', 'text', 'double', null, null, null, '402881e445e4b8990145e4b9561c012e');
INSERT INTO `cgform_field` VALUES ('402881e445e4b8990145e4b956d80157', '', 'admin', '2014-05-10 14:02:02', '', '', '', null, null, null, '0', 'd', null, 'N', 'N', 'Y', 'Y', 'Y', '10', '', '', null, '14', '2', 'single', 'text', 'int', null, null, null, '402881e445e4b8990145e4b9561c012e');
INSERT INTO `cgform_field` VALUES ('402881e445e4b8990145e4b956d80158', '', 'admin', '2014-05-10 14:02:02', '', '', '', null, null, null, '0', 'd1', null, 'N', 'N', 'N', 'Y', 'Y', '1000', '', '', null, '15', '0', 'single', 'text', 'string', null, null, null, '402881e445e4b8990145e4b9561c012e');

-- ----------------------------
-- Table structure for `cgform_ftl`
-- ----------------------------
DROP TABLE IF EXISTS `cgform_ftl`;
CREATE TABLE `cgform_ftl` (
  `ID` varchar(32) NOT NULL,
  `CGFORM_ID` varchar(36) NOT NULL,
  `CGFORM_NAME` varchar(100) NOT NULL,
  `CREATE_BY` varchar(36) default NULL,
  `CREATE_DATE` datetime default NULL,
  `CREATE_NAME` varchar(32) default NULL,
  `FTL_CONTENT` longtext,
  `FTL_STATUS` varchar(50) default NULL,
  `FTL_VERSION` int(11) NOT NULL,
  `FTL_WORD_URL` varchar(200) default NULL,
  `UPDATE_BY` varchar(36) default NULL,
  `UPDATE_DATE` datetime default NULL,
  `UPDATE_NAME` varchar(32) default NULL,
  PRIMARY KEY  (`ID`)
) ENGINE=InnoDB DEFAULT CHARSET=utf8;

-- ----------------------------
-- Records of cgform_ftl
-- ----------------------------

-- ----------------------------
-- Table structure for `cgform_head`
-- ----------------------------
DROP TABLE IF EXISTS `cgform_head`;
CREATE TABLE `cgform_head` (
  `id` varchar(32) NOT NULL,
  `content` varchar(200) NOT NULL,
  `create_by` varchar(32) default NULL,
  `create_date` datetime default NULL,
  `create_name` varchar(32) default NULL,
  `is_checkbox` varchar(5) NOT NULL,
  `is_dbsynch` varchar(20) NOT NULL,
  `is_pagination` varchar(5) NOT NULL,
  `is_tree` varchar(5) NOT NULL,
  `jform_pk_sequence` varchar(200) default NULL,
  `jform_pk_type` varchar(100) default NULL,
  `jform_type` int(11) NOT NULL,
  `jform_version` varchar(10) NOT NULL,
  `querymode` varchar(10) NOT NULL,
  `relation_type` int(11) default NULL,
  `sub_table_str` longtext,
  `tab_order` int(11) default NULL,
  `table_name` varchar(20) NOT NULL,
  `update_by` varchar(32) default NULL,
  `update_date` datetime default NULL,
  `update_name` varchar(32) default NULL,
  PRIMARY KEY  (`id`)
) ENGINE=InnoDB DEFAULT CHARSET=utf8;

-- ----------------------------
-- Records of cgform_head
-- ----------------------------
INSERT INTO `cgform_head` VALUES ('402881e445e4b8990145e4b9560c012a', '', 'admin', '2014-05-10 14:02:02', '', 'N', 'N', 'Y', 'N', null, 'UUID', '2', '57', 'group', '0', 'jform_order_ticket,jform_order_customer', null, 'jform_order_main', null, null, null);
INSERT INTO `cgform_head` VALUES ('402881e445e4b8990145e4b9561c012b', '', 'admin', '2014-05-10 14:02:02', '', 'N', 'N', 'Y', 'N', null, 'UUID', '1', '51', 'group', '0', null, null, 'jform_leave', null, null, null);
INSERT INTO `cgform_head` VALUES ('402881e445e4b8990145e4b9561c012c', '', 'admin', '2014-05-10 14:02:02', '', 'Y', 'N', 'Y', 'N', null, 'UUID', '3', '16', 'single', '0', null, null, 'jform_order_customer', null, null, null);
INSERT INTO `cgform_head` VALUES ('402881e445e4b8990145e4b9561c012d', '', 'admin', '2014-05-10 14:02:02', '', 'N', 'N', 'Y', 'N', null, 'UUID', '3', '20', 'single', '0', null, null, 'jform_order_ticket', null, null, null);
INSERT INTO `cgform_head` VALUES ('402881e445e4b8990145e4b9561c012e', '', 'admin', '2014-05-10 14:02:02', '', 'N', 'N', 'Y', 'N', null, 'UUID', '1', '3', 'group', '0', null, null, 'jform_price1', null, null, null);

-- ----------------------------
-- Table structure for `cgform_uploadfiles`
-- ----------------------------
DROP TABLE IF EXISTS `cgform_uploadfiles`;
CREATE TABLE `cgform_uploadfiles` (
  `CGFORM_FIELD` varchar(100) NOT NULL,
  `CGFORM_ID` varchar(36) NOT NULL,
  `CGFORM_NAME` varchar(100) NOT NULL,
  `id` varchar(32) NOT NULL,
  PRIMARY KEY  (`id`),
  KEY `FK_qwig8sn3okhvh4wye8nn8gdeg` (`id`),
  CONSTRAINT `FK_qwig8sn3okhvh4wye8nn8gdeg` FOREIGN KEY (`id`) REFERENCES `t_s_attachment` (`ID`)
) ENGINE=InnoDB DEFAULT CHARSET=utf8;

-- ----------------------------
-- Records of cgform_uploadfiles
-- ----------------------------

-- ----------------------------
-- Table structure for `ck_editor`
-- ----------------------------
DROP TABLE IF EXISTS `ck_editor`;
CREATE TABLE `ck_editor` (
  `ID` varchar(32) NOT NULL,
  `CONTENTS` blob,
  PRIMARY KEY  (`ID`)
) ENGINE=InnoDB DEFAULT CHARSET=utf8;

-- ----------------------------
-- Records of ck_editor
-- ----------------------------
INSERT INTO `ck_editor` VALUES ('402881e445e4b8990145e4b9560c0129', 0x3C68746D6C3E3C686561643E3C7469746C653E3C2F7469746C653E3C6C696E6B20687265663D27706C75672D696E2F6561737975692F7468656D65732F64656661756C742F6561737975692E637373272069643D276561737975695468656D65272072656C3D277374796C6573686565742720747970653D27746578742F63737327202F3E3C6C696E6B20687265663D27706C75672D696E2F6561737975692F7468656D65732F69636F6E2E637373272072656C3D277374796C6573686565742720747970653D27746578742F63737327202F3E3C6C696E6B20687265663D27706C75672D696E2F6163636F7264696F6E2F6373732F6163636F7264696F6E2E637373272072656C3D277374796C6573686565742720747970653D27746578742F63737327202F3E3C6C696E6B20687265663D27706C75672D696E2F56616C6964666F726D2F6373732F7374796C652E637373272072656C3D277374796C6573686565742720747970653D27746578742F63737327202F3E3C6C696E6B20687265663D27706C75672D696E2F56616C6964666F726D2F6373732F7461626C6566726F6D2E637373272072656C3D277374796C6573686565742720747970653D27746578742F63737327202F3E3C7374796C6520747970653D27746578742F637373273E626F64797B666F6E742D73697A653A313270783B7D7461626C65207B626F726465723A31707820736F6C696420233030303030303B626F726465722D636F6C6C617073653A20636F6C6C617073653B7D7464207B626F726465723A31707820736F6C696420233030303030303B6261636B67726F756E643A77686974653B666F6E742D73697A653A313270783B666F6E742D66616D696C793A20E696B0E5AE8BE4BD933B636F6C6F723A20233333333B3C2F7374796C653E3C2F686561643E3C626F64793E3C6469763E3C703EE99984E4BBB632EFBC9A3C2F703E3C6831207374796C653D27746578742D616C69676E3A63656E746572273E3C7370616E207374796C653D27666F6E742D73697A653A32347078273E3C7374726F6E673EE4BBB7E6A0BCE8AEA4E8AF81E4BABAE59198E7BB9FE8AEA1E8A1A83C2F7374726F6E673E3C2F7370616E3E3C2F68313E3C703EE5A1ABE68AA5E58D95E4BD8DEFBC88E79B96E7ABA0EFBC89EFBC9A3C696E707574206E616D653D276F72675F6E616D652720747970653D2774657874272076616C75653D27247B6F72675F6E616D653F69665F6578697374733F68746D6C7D27202F3E3C2F703E3C703EE58D95E4BD8DE4BBA3E7A081E58FB7EFBC9A3C696E707574206E616D653D276E756D2720747970653D2774657874272076616C75653D27247B6E756D3F69665F6578697374733F68746D6C7D27202F3E20266E6273703B266E6273703B266E6273703B266E6273703B266E6273703B266E6273703B266E6273703B266E6273703B266E6273703B266E6273703B266E6273703B266E6273703B266E6273703B266E6273703B266E6273703B266E6273703B266E6273703B266E6273703B266E6273703B266E6273703B266E6273703B266E6273703B266E6273703B266E6273703B266E6273703B266E6273703B266E6273703B266E6273703B266E6273703B266E6273703B266E6273703B266E6273703B266E6273703B266E6273703B266E6273703B266E6273703B266E6273703B266E6273703B266E6273703B266E6273703B266E6273703B266E6273703B266E6273703B266E6273703B266E6273703B266E6273703B266E6273703B266E6273703B266E6273703B266E6273703B266E6273703B266E6273703B266E6273703B266E6273703B266E6273703B266E6273703B266E6273703B266E6273703BE58D95E4BD8DEFBC9AE4BABAE5A1AB266E6273703B266E6273703B266E6273703B266E6273703B266E6273703B266E6273703B266E6273703B266E6273703B266E6273703B266E6273703B266E6273703B266E6273703B266E6273703B266E6273703B266E6273703B266E6273703B266E6273703B266E6273703B20E68AA5E697A5E69C9FEFBC9A266E6273703B266E6273703B266E6273703B266E6273703B266E6273703B20E5B9B4266E6273703B266E6273703B20E69C88266E6273703B266E6273703B20E697A53C2F703E3C666F726D20616374696F6E3D276367466F726D4275696C64436F6E74726F6C6C65722E646F3F736176654F72557064617465272069643D27666F726D6F626A27206D6574686F643D27706F737427206E616D653D27666F726D6F626A273E3C696E707574206E616D653D277461626C654E616D652720747970653D2768696464656E272076616C75653D27247B7461626C654E616D653F69665F6578697374733F68746D6C7D27202F3E203C696E707574206E616D653D2769642720747970653D2768696464656E272076616C75653D27247B69643F69665F6578697374733F68746D6C7D27202F3E237B6A666F726D5F68696464656E5F6669656C647D3C696E70757420747970653D2768696464656E27202F3E3C703E266E6273703B3C2F703E3C7461626C6520626F726465723D2731272063656C6C70616464696E673D2730272063656C6C73706163696E673D273027207374796C653D2777696474683A313031367078273E3C74626F64793E3C74723E3C746420726F777370616E3D2734273E3C703E266E6273703B3C2F703E3C703E266E6273703B3C2F703E3C703EE59088E8AEA13C2F703E3C703E266E6273703B3C2F703E3C2F74643E3C746420636F6C7370616E3D27362720726F777370616E3D2732273E3C703E266E6273703B3C2F703E3C703EE4BABAE695B03C2F703E3C2F74643E3C746420636F6C7370616E3D27352720726F777370616E3D2732273E3C703E266E6273703B3C2F703E3C703EE5ADA6E58E863C2F703E3C2F74643E3C746420636F6C7370616E3D27342720726F777370616E3D2732273E3C703E266E6273703B3C2F703E3C703EE58F96E5BE97E79A84EFBC88E4B88AE5B297EFBC89E689A7E4B89AE8B584E6A0BC3C2F703E3C2F74643E3C746420636F6C7370616E3D2734273E3C703EE4B893E4B89AE68A80E69CAFE8818CE7A7B03C2F703E3C2F74643E3C2F74723E3C74723E3C746420636F6C7370616E3D2734273E3C703EEFBC88E7BB8FE6B58EE7B3BBE58897E38081E5B7A5E7A88BE7B3BBE58897EFBC893C2F703E3C2F74643E3C2F74723E3C74723E3C746420636F6C7370616E3D2733273E3C703EE59CA8E7BC96E4BABAE591983C2F703E3C2F74643E3C746420636F6C7370616E3D2732273E3C703EE88198E794A8E4BABAE591983C2F703E3C2F74643E3C746420726F777370616E3D2732273E3C703EE4B8B4E697B628E5809FE794A829E4BABAE591983C2F703E3C2F74643E3C746420726F777370616E3D2732273E3C703EE9AB98E4B8AD3C2F703E3C2F74643E3C746420726F777370616E3D2732273E3C703EE5A4A7E4B8933C2F703E3C2F74643E3C746420726F777370616E3D2732273E3C703EE69CACE7A7913C2F703E3C2F74643E3C746420726F777370616E3D2732273E3C703EE7A094E7A9B6E7949F3C2F703E3C2F74643E3C746420726F777370616E3D2732273E3C703EE585B6E5AE833C2F703E3C2F74643E3C746420726F777370616E3D2732273E3C703EE4BBB7E6A0BC3C2F703E3C703EE989B4E8AF81E591983C2F703E3C2F74643E3C746420726F777370616E3D2732273E3C703EE4BBB7E6A0BC3C2F703E3C703EE989B4E8AF81E5B8883C2F703E3C2F74643E3C746420726F777370616E3D2732273E3C703EE5A48DE6A0B83C2F703E3C703EE8A381E5AE9AE591983C2F703E3C2F74643E3C746420726F777370616E3D2732273E3C703EE585B6E5AE833C2F703E3C2F74643E3C746420726F777370616E3D2732273E3C703EE5889DE7BAA73C2F703E3C2F74643E3C746420726F777370616E3D2732273E3C703EE4B8ADE7BAA73C2F703E3C2F74643E3C746420726F777370616E3D2732273E3C703EE9AB98E7BAA73C2F703E3C2F74643E3C746420726F777370616E3D2732273E3C703EE585B6E5AE833C2F703E3C2F74643E3C2F74723E3C74723E3C74643E3C703EE69CACE58D95E4BD8D3C2F703E3C2F74643E3C746420636F6C7370616E3D2732273E3C703EE585B6E5AE833C2F703E3C2F74643E3C74643E3C703EE995BFE69C9F3C2F703E3C2F74643E3C74643E3C703EE79FADE69C9F3C2F703E3C2F74643E3C2F74723E3C74723E3C74643E3C703E41313C2F703E3C2F74643E3C74643E3C703E42313C2F703E3C2F74643E3C74643E3C703E42323C2F703E3C2F74643E3C746420636F6C7370616E3D2732273E3C703E42333C2F703E3C2F74643E3C74643E3C703E42343C2F703E3C2F74643E3C74643E3C703E42353C2F703E3C2F74643E3C74643E3C703E43313C2F703E3C2F74643E3C74643E3C703E43323C2F703E3C2F74643E3C74643E3C703E43333C2F703E3C2F74643E3C74643E3C703E43343C2F703E3C2F74643E3C74643E3C703E43353C2F703E3C2F74643E3C74643E3C703E44313C2F703E3C2F74643E3C74643E3C703E44323C2F703E3C2F74643E3C74643E3C703E44333C2F703E3C2F74643E3C74643E3C703E44343C2F703E3C2F74643E3C74643E3C703E45313C2F703E3C2F74643E3C74643E3C703E45323C2F703E3C2F74643E3C74643E3C703E45333C2F703E3C2F74643E3C74643E3C703E45343C2F703E3C2F74643E3C2F74723E3C74723E3C74643E3C703E3C696E707574206E616D653D276131272073697A653D27342720747970653D2774657874272076616C75653D27247B61313F69665F6578697374733F68746D6C7D27202F3E3C2F703E3C2F74643E3C74643E3C703E3C696E707574206E616D653D276231272073697A653D27342720747970653D2774657874272076616C75653D27247B62313F69665F6578697374733F68746D6C7D27202F3E3C2F703E3C2F74643E3C74643E3C703E3C696E707574206E616D653D276232272073697A653D27342720747970653D2774657874272076616C75653D27247B62323F69665F6578697374733F68746D6C7D27202F3E3C2F703E3C2F74643E3C746420636F6C7370616E3D2732273E3C703E3C696E707574206E616D653D276233272073697A653D27342720747970653D2774657874272076616C75653D27247B62333F69665F6578697374733F68746D6C7D27202F3E3C2F703E3C2F74643E3C74643E3C703E3C696E707574206E616D653D276234272073697A653D27342720747970653D2774657874272076616C75653D27247B62343F69665F6578697374733F68746D6C7D27202F3E3C2F703E3C2F74643E3C74643E3C703E3C696E707574206E616D653D276235272073697A653D27342720747970653D2774657874272076616C75653D27247B62353F69665F6578697374733F68746D6C7D27202F3E3C2F703E3C2F74643E3C74643E3C703E3C696E707574206E616D653D276331272073697A653D27342720747970653D2774657874272076616C75653D27247B63313F69665F6578697374733F68746D6C7D27202F3E3C2F703E3C2F74643E3C74643E3C703E3C696E707574206E616D653D276332272073697A653D27342720747970653D2774657874272076616C75653D27247B63323F69665F6578697374733F68746D6C7D27202F3E3C2F703E3C2F74643E3C74643E3C703E3C696E707574206E616D653D276333272073697A653D27342720747970653D2774657874272076616C75653D27247B63333F69665F6578697374733F68746D6C7D27202F3E3C2F703E3C2F74643E3C74643E3C703E3C696E707574206E616D653D276334272073697A653D27342720747970653D2774657874272076616C75653D27247B63343F69665F6578697374733F68746D6C7D27202F3E3C2F703E3C2F74643E3C74643E3C703E3C696E707574206E616D653D276335272073697A653D27342720747970653D2774657874272076616C75653D27247B63353F69665F6578697374733F68746D6C7D27202F3E3C2F703E3C2F74643E3C74643E3C703E3C696E707574206E616D653D276431272073697A653D27342720747970653D2774657874272076616C75653D27247B64313F69665F6578697374733F68746D6C7D27202F3E3C2F703E3C2F74643E3C74643E3C703E3C696E707574206E616D653D276432272073697A653D27342720747970653D2774657874272076616C75653D27247B64323F69665F6578697374733F68746D6C7D27202F3E3C2F703E3C2F74643E3C74643E3C703E3C696E707574206E616D653D276433272073697A653D27342720747970653D2774657874272076616C75653D27247B64333F69665F6578697374733F68746D6C7D27202F3E3C2F703E3C2F74643E3C74643E3C703E3C696E707574206E616D653D276434272073697A653D27342720747970653D2774657874272076616C75653D27247B64343F69665F6578697374733F68746D6C7D27202F3E3C2F703E3C2F74643E3C74643E3C703E3C696E707574206E616D653D276531272073697A653D27342720747970653D2774657874272076616C75653D27247B65313F69665F6578697374733F68746D6C7D27202F3E3C2F703E3C2F74643E3C74643E3C703E3C696E707574206E616D653D276532272073697A653D27342720747970653D2774657874272076616C75653D27247B65323F69665F6578697374733F68746D6C7D27202F3E3C2F703E3C2F74643E3C74643E3C703E3C696E707574206E616D653D276533272073697A653D27342720747970653D2774657874272076616C75653D27247B65333F69665F6578697374733F68746D6C7D27202F3E3C2F703E3C2F74643E3C74643E3C703E3C696E707574206E616D653D276534272073697A653D27342720747970653D2774657874272076616C75653D27247B65343F69665F6578697374733F68746D6C7D27202F3E3C2F703E3C2F74643E3C2F74723E3C74723E3C746420636F6C7370616E3D273230273E3C703E266E6273703B3C2F703E3C703EE5A1ABE68AA5E8AFB4E6988EEFBC9A3C2F703E3C703EE4B880E38081E59088E8AEA1EFBC8841EFBC89EFBC9AE5A1ABE68AA5E887B3E7BB9FE8AEA1E688AAE6ADA2E69C9FE79A84E69CACE69CBAE69E84E79A84E4BABAE59198E680BBE695B0E380823C2F703E3C703EE4BA8CE38081E4BABAE695B0EFBC9A3C2F703E3C703EE59CA8E7BC96E4BABAE59198EFBC9AE58886E588ABE68C89E785A7E4BBB7E6A0BCE8AEA4E8AF81E69CBAE69E84E7BC96E588B6E58685E58F8AE585B6E5AE83E585B7E69C89E4BBB7E6A0BCE4B8BBE7AEA1E983A8E997A8E7BC96E588B6E79A84E5AE9EE69C89E4BABAE695B0E5A1ABE68AA5E59CA84231E380814232E6A08FE58685E380823C2F703E3C703EE88198E794A8E4BABAE59198EFBC9AE68C89E785A7E7BB8FE4BBB7E6A0BCE4B8BBE7AEA1E983A8E997A8E68896E4BBB7E6A0BCE8AEA4E8AF81E69CBAE69E84E4BABAE4BA8BE983A8E997A8E8AEA4E58FAFE79A84E5B9B6E7ADBEE8AEA2E4B889E5B9B4E4BBA5E4B88AE79A84E5B7A5E4BD9CE59088E5908CE79A84E4BABAE59198EFBC884233EFBC89EFBC9BE4BBA5E58F8AE6B2A1E69C89E7BB8FE8BF87E4BBB7E6A0BCE4B8BBE7AEA1E983A8E997A8E68896E4BBB7E6A0BCE8AEA4E8AF81E69CBAE69E84E4BABAE4BA8BE983A8E997A8E8AEA4E58FAFE79A84E7ADBEE8AEA2E59088E5908CE5B091E4BA8EE4B889E5B9B4E79A84E4BABAE59198EFBC884234EFBC89E58886E588ABE69DA5E8BF9BE8A18CE7BB9FE8AEA1E380823C2F703E3C703EE4B8B4E697B6EFBC88E5809FE794A8EFBC89E4BABAE59198EFBC884235EFBC89EFBC9AE789B9E68C87E5A496E88198E79A84E4B8B4E697B6E5B7A5EFBC8CE68896E88085E5B7A5E4BD9CE585B3E7B3BBE4B88DE59CA8E69CACE58D95E4BD8DE4B894E697A0E995BFE69C9FE88198E794A8E59088E5908CE79A84E5809FE8B083E4BABAE59198E7AD89E380823C2F703E3C703EE4B889E38081E8A1A8E58685E59084E6A08FE79BAEE585B3E7B3BB3C2F703E3C703E413D42312B42322B42332B42342B42353D43312B43322B43332B43342B43353D44312B44322B44332B44343D45312B45322B45332B45343C2F703E3C2F74643E3C2F74723E3C2F74626F64793E3C2F7461626C653E3C2F666F726D3E3C2F6469763E3C2F626F64793E3C2F68746D6C3E);

-- ----------------------------
-- Table structure for `ck_finder`
-- ----------------------------
DROP TABLE IF EXISTS `ck_finder`;
CREATE TABLE `ck_finder` (
  `ID` varchar(32) NOT NULL,
  `ATTACHMENT` varchar(255) default NULL,
  `IMAGE` varchar(255) default NULL,
  `REMARK` longtext,
  PRIMARY KEY  (`ID`)
) ENGINE=InnoDB DEFAULT CHARSET=utf8;

-- ----------------------------
-- Records of ck_finder
-- ----------------------------

-- ----------------------------
-- Table structure for `doc`
-- ----------------------------
DROP TABLE IF EXISTS `doc`;
CREATE TABLE `doc` (
  `ID` int(11) NOT NULL auto_increment,
  `DOCCONTENT` longblob,
  `DOCDATE` datetime default NULL,
  `DOCID` varchar(255) default NULL,
  `DOCTITLE` varchar(255) default NULL,
  `DOCTYPE` varchar(255) default NULL,
  PRIMARY KEY  (`ID`)
) ENGINE=InnoDB DEFAULT CHARSET=utf8;

-- ----------------------------
-- Records of doc
-- ----------------------------

-- ----------------------------
-- Table structure for `jeecg_demo`
-- ----------------------------
DROP TABLE IF EXISTS `jeecg_demo`;
CREATE TABLE `jeecg_demo` (
  `ID` varchar(32) NOT NULL,
  `AGE` int(11) default NULL,
  `BIRTHDAY` datetime default NULL,
  `content` varchar(255) default NULL,
  `create_date` datetime default NULL,
  `DEP_ID` varchar(255) default NULL,
  `EMAIL` varchar(255) default NULL,
  `MOBILE_PHONE` varchar(255) default NULL,
  `OFFICE_PHONE` varchar(255) default NULL,
  `SALARY` decimal(19,2) default NULL,
  `SEX` varchar(255) default NULL,
  `status` varchar(255) default NULL,
  `USER_NAME` varchar(255) NOT NULL,
  `CREATE_TIME` datetime default NULL,
  PRIMARY KEY  (`ID`)
) ENGINE=InnoDB DEFAULT CHARSET=utf8;

-- ----------------------------
-- Records of jeecg_demo
-- ----------------------------
INSERT INTO `jeecg_demo` VALUES ('402881e445e4b8990145e4b95810015e', '12', '2014-02-14 00:00:00', null, null, '123', 'demo@jeecg.com', '13111111111', '66666666', '111111.00', '1', null, '', null);

-- ----------------------------
-- Table structure for `jeecg_demo_course`
-- ----------------------------
DROP TABLE IF EXISTS `jeecg_demo_course`;
CREATE TABLE `jeecg_demo_course` (
  `ID` varchar(32) NOT NULL,
  `NAME` varchar(25) default NULL,
  `teacher_ID` varchar(32) default NULL,
  PRIMARY KEY  (`ID`),
  KEY `FK_g3jn8mfod69i7jfv5gnrcvgbx` (`teacher_ID`),
  CONSTRAINT `FK_g3jn8mfod69i7jfv5gnrcvgbx` FOREIGN KEY (`teacher_ID`) REFERENCES `jeecg_demo_teacher` (`ID`)
) ENGINE=InnoDB DEFAULT CHARSET=utf8;

-- ----------------------------
-- Records of jeecg_demo_course
-- ----------------------------
INSERT INTO `jeecg_demo_course` VALUES ('402881e445e4b8990145e4b956e7015b', '', '402881e445e4b8990145e4b956e7015a');

-- ----------------------------
-- Table structure for `jeecg_demo_student`
-- ----------------------------
DROP TABLE IF EXISTS `jeecg_demo_student`;
CREATE TABLE `jeecg_demo_student` (
  `ID` varchar(32) NOT NULL,
  `BIRTHDAY` datetime default NULL,
  `NAME` varchar(32) default NULL,
  `SEX` varchar(1) default NULL,
  `COURSE_ID` varchar(32) default NULL,
  PRIMARY KEY  (`ID`),
  KEY `FK_r86q81koyocgod3cx6529hbpw` (`COURSE_ID`),
  CONSTRAINT `FK_r86q81koyocgod3cx6529hbpw` FOREIGN KEY (`COURSE_ID`) REFERENCES `jeecg_demo_course` (`ID`)
) ENGINE=InnoDB DEFAULT CHARSET=utf8;

-- ----------------------------
-- Records of jeecg_demo_student
-- ----------------------------
INSERT INTO `jeecg_demo_student` VALUES ('402881e445e4b8990145e4b956e7015c', null, '', '0', '402881e445e4b8990145e4b956e7015b');
INSERT INTO `jeecg_demo_student` VALUES ('402881e445e4b8990145e4b956e7015d', null, ' ', '0', '402881e445e4b8990145e4b956e7015b');

-- ----------------------------
-- Table structure for `jeecg_demo_teacher`
-- ----------------------------
DROP TABLE IF EXISTS `jeecg_demo_teacher`;
CREATE TABLE `jeecg_demo_teacher` (
  `ID` varchar(32) NOT NULL,
  `NAME` varchar(12) default NULL,
  `pic` varchar(255) default NULL,
  PRIMARY KEY  (`ID`)
) ENGINE=InnoDB DEFAULT CHARSET=utf8;

-- ----------------------------
-- Records of jeecg_demo_teacher
-- ----------------------------
INSERT INTO `jeecg_demo_teacher` VALUES ('402881e445e4b8990145e4b956e7015a', '', 'upload/Teacher/pic3345280233.PNG');

-- ----------------------------
-- Table structure for `jeecg_matter_bom`
-- ----------------------------
DROP TABLE IF EXISTS `jeecg_matter_bom`;
CREATE TABLE `jeecg_matter_bom` (
  `ID` varchar(32) NOT NULL,
  `address` varchar(255) default NULL,
  `code` varchar(50) NOT NULL,
  `name` varchar(50) NOT NULL,
  `price` decimal(21,6) NOT NULL,
  `productionDate` datetime default NULL,
  `quantity` int(11) NOT NULL,
  `stock` int(11) NOT NULL,
  `unit` varchar(50) default NULL,
  `weight` varchar(50) default NULL,
  `parent_ID` varchar(32) default NULL,
  PRIMARY KEY  (`ID`),
  KEY `FK_fldfyrevj0li4hej5b2gu2q7w` (`parent_ID`),
  CONSTRAINT `FK_fldfyrevj0li4hej5b2gu2q7w` FOREIGN KEY (`parent_ID`) REFERENCES `jeecg_matter_bom` (`ID`)
) ENGINE=InnoDB DEFAULT CHARSET=utf8;

-- ----------------------------
-- Records of jeecg_matter_bom
-- ----------------------------
INSERT INTO `jeecg_matter_bom` VALUES ('402881e445e4b8990145e4b9582f0163', '', '001', '', '5000.000000', '2014-05-10 14:02:03', '5', '10', '', '100', null);
INSERT INTO `jeecg_matter_bom` VALUES ('402881e445e4b8990145e4b9582f0164', '', '001001', '', '800.000000', '2014-05-10 14:02:03', '6', '18', '', '60', '402881e445e4b8990145e4b9582f0163');

-- ----------------------------
-- Table structure for `jeecg_minidao`
-- ----------------------------
DROP TABLE IF EXISTS `jeecg_minidao`;
CREATE TABLE `jeecg_minidao` (
  `ID` varchar(32) NOT NULL,
  `AGE` int(11) default NULL,
  `BIRTHDAY` datetime default NULL,
  `CONTENT` varchar(255) default NULL,
  `CREATE_TIME` datetime default NULL,
  `DEP_ID` varchar(255) default NULL,
  `EMAIL` varchar(255) default NULL,
  `MOBILE_PHONE` varchar(255) default NULL,
  `OFFICE_PHONE` varchar(255) default NULL,
  `SALARY` decimal(19,2) default NULL,
  `SEX` int(11) default NULL,
  `STATUS` varchar(255) default NULL,
  `USER_NAME` varchar(255) NOT NULL,
  PRIMARY KEY  (`ID`)
) ENGINE=InnoDB DEFAULT CHARSET=utf8;

-- ----------------------------
-- Records of jeecg_minidao
-- ----------------------------

-- ----------------------------
-- Table structure for `jeecg_order_custom`
-- ----------------------------
DROP TABLE IF EXISTS `jeecg_order_custom`;
CREATE TABLE `jeecg_order_custom` (
  `ID` varchar(32) NOT NULL,
  `CREATE_DT` datetime default NULL,
  `CRTUSER` varchar(12) default NULL,
  `CRTUSER_NAME` varchar(10) default NULL,
  `DEL_DT` datetime default NULL,
  `DELFLAG` int(11) default NULL,
  `GO_ORDER_CODE` varchar(12) NOT NULL,
  `GOC_BUSS_CONTENT` varchar(33) default NULL,
  `GOC_CONTENT` varchar(66) default NULL,
  `GOC_CUS_NAME` varchar(16) default NULL,
  `GOC_IDCARD` varchar(18) default NULL,
  `GOC_PASSPORT_CODE` varchar(10) default NULL,
  `GOC_SEX` varchar(255) default NULL,
  `MODIFIER` varchar(12) default NULL,
  `MODIFIER_NAME` varchar(10) default NULL,
  `MODIFY_DT` datetime default NULL,
  PRIMARY KEY  (`ID`)
) ENGINE=InnoDB DEFAULT CHARSET=utf8;

-- ----------------------------
-- Records of jeecg_order_custom
-- ----------------------------
INSERT INTO `jeecg_order_custom` VALUES ('402881e445e4b8990145e4b9581f0162', null, null, null, null, null, '11111AAA', null, null, '', null, null, '1', null, null, null);

-- ----------------------------
-- Table structure for `jeecg_order_main`
-- ----------------------------
DROP TABLE IF EXISTS `jeecg_order_main`;
CREATE TABLE `jeecg_order_main` (
  `ID` varchar(32) NOT NULL,
  `CREATE_DT` datetime default NULL,
  `CRTUSER` varchar(12) default NULL,
  `CRTUSER_NAME` varchar(10) default NULL,
  `DEL_DT` datetime default NULL,
  `DELFLAG` int(11) default NULL,
  `GO_ALL_PRICE` decimal(10,2) default NULL,
  `GO_CONTACT_NAME` varchar(16) default NULL,
  `GO_CONTENT` varchar(66) default NULL,
  `GO_ORDER_CODE` varchar(12) NOT NULL,
  `GO_ORDER_COUNT` int(11) default NULL,
  `GO_RETURN_PRICE` decimal(10,2) default NULL,
  `GO_TELPHONE` varchar(11) default NULL,
  `GODER_TYPE` varchar(255) default NULL,
  `MODIFIER` varchar(12) default NULL,
  `MODIFIER_NAME` varchar(10) default NULL,
  `MODIFY_DT` datetime default NULL,
  `USERTYPE` varchar(255) default NULL,
  PRIMARY KEY  (`ID`)
) ENGINE=InnoDB DEFAULT CHARSET=utf8;

-- ----------------------------
-- Records of jeecg_order_main
-- ----------------------------
INSERT INTO `jeecg_order_main` VALUES ('402881e445e4b8990145e4b9581f0160', null, null, null, null, null, '1111111.00', 'alex', '', '11111AAA', '1', '100.00', null, '1', null, null, null, '1');

-- ----------------------------
-- Table structure for `jeecg_order_product`
-- ----------------------------
DROP TABLE IF EXISTS `jeecg_order_product`;
CREATE TABLE `jeecg_order_product` (
  `ID` varchar(32) NOT NULL,
  `CREATE_DT` datetime default NULL,
  `CRTUSER` varchar(12) default NULL,
  `CRTUSER_NAME` varchar(10) default NULL,
  `DEL_DT` datetime default NULL,
  `DELFLAG` int(11) default NULL,
  `GO_ORDER_CODE` varchar(12) NOT NULL,
  `GOP_CONTENT` varchar(66) default NULL,
  `GOP_COUNT` int(11) default NULL,
  `GOP_ONE_PRICE` decimal(10,2) default NULL,
  `GOP_PRODUCT_NAME` varchar(33) default NULL,
  `GOP_PRODUCT_TYPE` varchar(1) NOT NULL,
  `GOP_SUM_PRICE` decimal(10,2) default NULL,
  `MODIFIER` varchar(12) default NULL,
  `MODIFIER_NAME` varchar(10) default NULL,
  `MODIFY_DT` datetime default NULL,
  PRIMARY KEY  (`ID`)
) ENGINE=InnoDB DEFAULT CHARSET=utf8;

-- ----------------------------
-- Records of jeecg_order_product
-- ----------------------------
INSERT INTO `jeecg_order_product` VALUES ('402881e445e4b8990145e4b9581f0161', null, null, null, null, null, '11111AAA', null, '1', '100.00', '', '1', '100.00', null, null, null);

-- ----------------------------
-- Table structure for `jform_cgreport_head`
-- ----------------------------
DROP TABLE IF EXISTS `jform_cgreport_head`;
CREATE TABLE `jform_cgreport_head` (
  `ID` varchar(36) NOT NULL,
  `CGR_SQL` longtext NOT NULL,
  `CODE` varchar(36) NOT NULL,
  `CONTENT` longtext NOT NULL,
  `NAME` varchar(100) NOT NULL,
  PRIMARY KEY  (`ID`)
) ENGINE=InnoDB DEFAULT CHARSET=utf8;

-- ----------------------------
-- Records of jform_cgreport_head
-- ----------------------------

-- ----------------------------
-- Table structure for `jform_cgreport_item`
-- ----------------------------
DROP TABLE IF EXISTS `jform_cgreport_item`;
CREATE TABLE `jform_cgreport_item` (
  `ID` varchar(36) NOT NULL,
  `S_FLAG` varchar(2) default NULL,
  `S_MODE` varchar(10) default NULL,
  `CGRHEAD_ID` varchar(36) default NULL,
  `DICT_CODE` varchar(36) default NULL,
  `FIELD_HREF` varchar(120) default NULL,
  `FIELD_NAME` varchar(36) default NULL,
  `FIELD_TXT` longtext,
  `FIELD_TYPE` varchar(10) default NULL,
  `IS_SHOW` varchar(5) default NULL,
  `ORDER_NUM` int(11) default NULL,
  `REPLACE_VA` varchar(36) default NULL,
  PRIMARY KEY  (`ID`)
) ENGINE=InnoDB DEFAULT CHARSET=utf8;

-- ----------------------------
-- Records of jform_cgreport_item
-- ----------------------------

-- ----------------------------
-- Table structure for `jg_person`
-- ----------------------------
DROP TABLE IF EXISTS `jg_person`;
CREATE TABLE `jg_person` (
  `ID` varchar(32) NOT NULL,
  `AGE` int(11) default NULL,
  `BIRTHDAY` datetime default NULL,
  `CREATEDT` datetime default NULL,
  `NAME` varchar(255) NOT NULL,
  `SALARY` decimal(19,2) default NULL,
  PRIMARY KEY  (`ID`)
) ENGINE=InnoDB DEFAULT CHARSET=utf8;

-- ----------------------------
-- Records of jg_person
-- ----------------------------
INSERT INTO `jg_person` VALUES ('402881e445e4b8990145e4b95810015f', '10', '2014-05-10 14:02:03', '2014-05-10 14:02:03', '', '1000.00');

-- ----------------------------
-- Table structure for `oa_leave`
-- ----------------------------
DROP TABLE IF EXISTS `oa_leave`;
CREATE TABLE `oa_leave` (
  `id` bigint(20) NOT NULL auto_increment,
  `processInstanceId` varchar(255) default NULL,
  `reason` varchar(255) default NULL,
  `userId` varchar(255) default NULL,
  PRIMARY KEY  (`id`)
) ENGINE=InnoDB AUTO_INCREMENT=7 DEFAULT CHARSET=utf8;

-- ----------------------------
-- Records of oa_leave
-- ----------------------------
INSERT INTO `oa_leave` VALUES ('2', '10', '', 'admin');
INSERT INTO `oa_leave` VALUES ('3', '120', '', 'admin');
INSERT INTO `oa_leave` VALUES ('4', '129', '', 'admin');
INSERT INTO `oa_leave` VALUES ('5', '210', null, 'admin');
INSERT INTO `oa_leave` VALUES ('6', '218', null, 'admin');

-- ----------------------------
-- Table structure for `optimistic_locking`
-- ----------------------------
DROP TABLE IF EXISTS `optimistic_locking`;
CREATE TABLE `optimistic_locking` (
  `ID` varchar(32) NOT NULL,
  `ACCOUNT` int(11) default NULL,
  `AGE` int(11) default NULL,
  `NAME` varchar(85) default NULL,
  `VER` int(11) default NULL,
  PRIMARY KEY  (`ID`)
) ENGINE=InnoDB DEFAULT CHARSET=utf8;

-- ----------------------------
-- Records of optimistic_locking
-- ----------------------------

-- ----------------------------
-- Table structure for `t_finance`
-- ----------------------------
DROP TABLE IF EXISTS `t_finance`;
CREATE TABLE `t_finance` (
  `ID` varchar(32) NOT NULL,
  `APPROFILETYPE` varchar(255) default NULL,
  `BUYMONEY` float default NULL,
  `BUYPROJECTNO` varchar(255) default NULL,
  `BUYPROJECTORG` varchar(255) default NULL,
  `BUYUSE` varchar(255) default NULL,
  `BUYYEAR` varchar(255) default NULL,
  `CATEGORY` varchar(255) default NULL,
  `COLLECTORG` varchar(255) default NULL,
  `EXPENSEACCOUNT` varchar(255) default NULL,
  `HAPPENYEAR` int(11) default NULL,
  `MONEYAREA` varchar(255) default NULL,
  `MONEYSOURCE` varchar(255) default NULL,
  `MONEYTOTAL` float default NULL,
  `MONEYUSE` varchar(255) default NULL,
  `PAYTIME` datetime default NULL,
  `ZBWNO` varchar(255) default NULL,
  PRIMARY KEY  (`ID`)
) ENGINE=InnoDB DEFAULT CHARSET=utf8;

-- ----------------------------
-- Records of t_finance
-- ----------------------------

-- ----------------------------
-- Table structure for `t_finance_files`
-- ----------------------------
DROP TABLE IF EXISTS `t_finance_files`;
CREATE TABLE `t_finance_files` (
  `id` varchar(32) NOT NULL,
  `financeId` varchar(32) default NULL,
  PRIMARY KEY  (`id`),
  KEY `FK_ij2p74feypwcda4n0n96pyd10` (`financeId`),
  KEY `FK_28m7vvi0cy5r5keke68b6f7rt` (`id`),
  CONSTRAINT `FK_28m7vvi0cy5r5keke68b6f7rt` FOREIGN KEY (`id`) REFERENCES `t_s_attachment` (`ID`),
  CONSTRAINT `FK_ij2p74feypwcda4n0n96pyd10` FOREIGN KEY (`financeId`) REFERENCES `t_finance` (`ID`)
) ENGINE=InnoDB DEFAULT CHARSET=utf8;

-- ----------------------------
-- Records of t_finance_files
-- ----------------------------

-- ----------------------------
-- Table structure for `t_s_attachment`
-- ----------------------------
DROP TABLE IF EXISTS `t_s_attachment`;
CREATE TABLE `t_s_attachment` (
  `ID` varchar(32) NOT NULL,
  `attachmentcontent` longblob,
  `attachmenttitle` varchar(100) default NULL,
  `businesskey` varchar(32) default NULL,
  `createdate` datetime default NULL,
  `extend` varchar(32) default NULL,
  `note` longtext,
  `realpath` varchar(100) default NULL,
  `subclassname` longtext,
  `swfpath` longtext,
  `BUSENTITYNAME` varchar(100) default NULL,
  `INFOTYPEID` varchar(32) default NULL,
  `USERID` varchar(32) default NULL,
  PRIMARY KEY  (`ID`),
  KEY `FK_mnq23hlc835n4ufgjl7nkn3bd` (`USERID`),
  CONSTRAINT `FK_mnq23hlc835n4ufgjl7nkn3bd` FOREIGN KEY (`USERID`) REFERENCES `t_s_user` (`id`)
) ENGINE=InnoDB DEFAULT CHARSET=utf8;

-- ----------------------------
-- Records of t_s_attachment
-- ----------------------------
INSERT INTO `t_s_attachment` VALUES ('402881e445e4b8990145e4b950220008', null, 'JR079839867R90000001000', null, null, 'doc', null, 'JR079839867R90000001000', null, 'upload/files/20130719201109hDr31jP1.swf', null, null, null);
INSERT INTO `t_s_attachment` VALUES ('402881e445e4b8990145e4b950220009', null, 'JEECG', null, null, 'docx', null, 'JEECG', null, 'upload/files/20130719201156sYHjSFJj.swf', null, null, null);
INSERT INTO `t_s_attachment` VALUES ('402881e445e4b8990145e4b95022000a', null, 'JEECG', null, null, 'docx', null, 'JEECG', null, 'upload/files/20130719201727ZLEX1OSf.swf', null, null, null);
INSERT INTO `t_s_attachment` VALUES ('402881e445e4b8990145e4b95022000b', null, 'DMS-T3', null, null, 'docx', null, 'DMS-T3', null, 'upload/files/20130719201841LzcgqUek.swf', null, null, null);
INSERT INTO `t_s_attachment` VALUES ('402881e445e4b8990145e4b95031000c', null, 'SAP---V1.7-', null, null, 'doc', null, 'SAP---V1.7-', null, 'upload/files/20130719201925mkCrU47P.swf', null, null, null);
INSERT INTO `t_s_attachment` VALUES ('402881e445e4b8990145e4b95031000d', null, 'JEECG', null, null, 'txt', null, 'JEECG', null, 'upload/files/20130724103633fvOTwNSV.swf', null, null, null);
INSERT INTO `t_s_attachment` VALUES ('402881e445e4b8990145e4b95031000e', null, '', null, null, 'doc', null, '', null, 'upload/files/20130724104603pHDw4QUT.swf', null, null, null);
INSERT INTO `t_s_attachment` VALUES ('402881e445e4b8990145e4b95031000f', null, 'github', null, null, 'doc', null, 'github', null, 'upload/files/20130704200345EakUH3WB.swf', null, null, null);
INSERT INTO `t_s_attachment` VALUES ('402881e445e4b8990145e4b950310010', null, 'github', null, null, 'doc', null, 'github', null, 'upload/files/20130704200651IE8wPdZ4.swf', null, null, null);
INSERT INTO `t_s_attachment` VALUES ('402881e445e4b8990145e4b950310011', null, '-(', null, null, 'xlsx', null, '-(', null, 'upload/files/20130704201022KhdRW1Gd.swf', null, null, null);
INSERT INTO `t_s_attachment` VALUES ('402881e445e4b8990145e4b950310012', null, 'EIM201_CN', null, null, 'pdf', null, 'EIM201_CN', null, 'upload/files/20130704201046JVAkvvOt.swf', null, null, null);
INSERT INTO `t_s_attachment` VALUES ('402881e445e4b8990145e4b950410013', null, 'github', null, null, 'doc', null, 'github', null, 'upload/files/20130704201116Z8NhEK57.swf', null, null, null);
INSERT INTO `t_s_attachment` VALUES ('402881e445e4b8990145e4b950410014', null, 'JEECGUIv3.2', null, null, 'pdf', null, 'JEECGUIv3.2', null, 'upload/files/20130704201125DQg8hi2x.swf', null, null, null);

-- ----------------------------
-- Table structure for `t_s_base_user`
-- ----------------------------
DROP TABLE IF EXISTS `t_s_base_user`;
CREATE TABLE `t_s_base_user` (
  `ID` varchar(32) NOT NULL,
  `activitiSync` smallint(6) default NULL,
  `browser` varchar(20) default NULL,
  `password` varchar(100) default NULL,
  `realname` varchar(50) default NULL,
  `signature` blob,
  `status` smallint(6) default NULL,
  `userkey` varchar(200) default NULL,
  `username` varchar(10) NOT NULL,
  `departid` varchar(32) default NULL,
  PRIMARY KEY  (`ID`),
  KEY `FK_15jh1g4iem1857546ggor42et` (`departid`),
  CONSTRAINT `FK_15jh1g4iem1857546ggor42et` FOREIGN KEY (`departid`) REFERENCES `t_s_depart` (`ID`)
) ENGINE=InnoDB DEFAULT CHARSET=utf8;

-- ----------------------------
-- Records of t_s_base_user
-- ----------------------------
INSERT INTO `t_s_base_user` VALUES ('402881e445e4b8990145e4b9515a0043', '1', null, 'c44b01947c9e6e3f', '', null, '1', null, 'admin', '402881e445e4b8990145e4b950410015');
INSERT INTO `t_s_base_user` VALUES ('402881e445e4b8990145e4b951690044', '0', null, '97c07a884bf272b5', '', null, '1', null, 'scott', '402881e445e4b8990145e4b950600017');
INSERT INTO `t_s_base_user` VALUES ('402881e445e4b8990145e4b951690045', '0', null, 'f2322ec2fb9f40d1', '', null, '1', null, 'cgy', '402881e445e4b8990145e4b950410015');
INSERT INTO `t_s_base_user` VALUES ('402881e445e4b8990145e4b951790046', '1', null, 'a324509dc1a3089a', '', null, '1', null, 'cgspy', '402881e445e4b8990145e4b950410015');

-- ----------------------------
-- Table structure for `t_s_config`
-- ----------------------------
DROP TABLE IF EXISTS `t_s_config`;
CREATE TABLE `t_s_config` (
  `ID` varchar(32) NOT NULL,
  `code` varchar(100) default NULL,
  `content` longtext,
  `name` varchar(100) NOT NULL,
  `note` longtext,
  `userid` varchar(32) default NULL,
  PRIMARY KEY  (`ID`),
  KEY `FK_m3q8r50ror4fl7fjkvd82tqgn` (`userid`),
  CONSTRAINT `FK_m3q8r50ror4fl7fjkvd82tqgn` FOREIGN KEY (`userid`) REFERENCES `t_s_user` (`id`)
) ENGINE=InnoDB DEFAULT CHARSET=utf8;

-- ----------------------------
-- Records of t_s_config
-- ----------------------------

-- ----------------------------
-- Table structure for `t_s_demo`
-- ----------------------------
DROP TABLE IF EXISTS `t_s_demo`;
CREATE TABLE `t_s_demo` (
  `ID` varchar(32) NOT NULL,
  `democode` longtext,
  `demoorder` smallint(6) default NULL,
  `demotitle` varchar(200) default NULL,
  `demourl` varchar(200) default NULL,
  `demopid` varchar(32) default NULL,
  PRIMARY KEY  (`ID`),
  KEY `FK_fni8e3v88wcf2sahhlv57u4nm` (`demopid`),
  CONSTRAINT `FK_fni8e3v88wcf2sahhlv57u4nm` FOREIGN KEY (`demopid`) REFERENCES `t_s_demo` (`ID`)
) ENGINE=InnoDB DEFAULT CHARSET=utf8;

-- ----------------------------
-- Records of t_s_demo
-- ----------------------------
INSERT INTO `t_s_demo` VALUES ('402881e445e4b8990145e4b9550300c4', '<div class=\"form\">\r\n   <label class=\"Validform_label\">\r\n     \r\n    </label>\r\n    <input name=\"demotitle\" id=\"demotitle\" datatype=\"*\" errormsg=\"\">\r\n    <span class=\"Validform_checktip\"></span>\r\n   </div>\r\n   <div class=\"form\">\r\n     <label class=\"Validform_label\">\r\n     URL\r\n    </label>\r\n    <input name=\"demourl\" id=\"demourl\" datatype=\"url\" errormsg=\"URL\">\r\n    <span class=\"Validform_checktip\"></span>\r\n   </div>\r\n   <div class=\"form\">\r\n     <label class=\"Validform_label\">\r\n     2\r\n    </label>\r\n    <input name=\"shoppingsite1\" class=\"rt2\" id=\"shoppingsite21\" type=\"checkbox\" value=\"1\" datatype=\"need2\" nullmsg=\"\" />\r\n  \r\n     \r\n  \r\n    <input name=\"shoppingsite1\" class=\"rt2\" id=\"shoppingsite22\" type=\"checkbox\" value=\"2\" />\r\n    \r\n     \r\n  \r\n    <input name=\"shoppingsite1\" class=\"rt2\" id=\"shoppingsite23\" type=\"checkbox\" value=\"3\" />\r\n  \r\n     \r\n   \r\n    <span class=\"Validform_checktip\"></span>\r\n   </div>\r\n   <div class=\"form\">\r\n     <label class=\"Validform_label\">\r\n     \r\n    </label>\r\n    <input name=\"demoorder\" id=\"demoorder\" datatype=\"e\" errormsg=\"\">\r\n    <span class=\"Validform_checktip\"></span>\r\n   </div>\r\n   <div class=\"form\">\r\n     <label class=\"Validform_label\">\r\n     \r\n    </label>\r\n    <input name=\"phone\" id=\"phone\" datatype=\"m\" errormsg=\"\">\r\n    <span class=\"Validform_checktip\"></span>\r\n   </div>\r\n   <div class=\"form\">\r\n     <label class=\"Validform_label\">\r\n     \r\n    </label>\r\n    <input name=\"money\" id=\"money\" datatype=\"d\" errormsg=\"\">\r\n    <span class=\"Validform_checktip\"></span>\r\n   </div>\r\n   <div class=\"form\">\r\n     <label class=\"Validform_label\">\r\n     \r\n    </label>\r\n    <input name=\"date\" id=\"date\" class=\"easyui-datebox\">\r\n    <span class=\"Validform_checktip\"></span>\r\n   </div>\r\n   <div class=\"form\">\r\n     <label class=\"Validform_label\">\r\n     \r\n    </label>\r\n    <input name=\"time\" id=\"time\" class=\"easyui-datetimebox\">\r\n    <span class=\"Validform_checktip\"></span>\r\n   </div>', null, '', null, null);

-- ----------------------------
-- Table structure for `t_s_depart`
-- ----------------------------
DROP TABLE IF EXISTS `t_s_depart`;
CREATE TABLE `t_s_depart` (
  `ID` varchar(32) NOT NULL,
  `departname` varchar(100) NOT NULL,
  `description` longtext,
  `parentdepartid` varchar(32) default NULL,
  PRIMARY KEY  (`ID`),
  KEY `FK_knnm3wb0bembwvm0il7tf6686` (`parentdepartid`),
  CONSTRAINT `FK_knnm3wb0bembwvm0il7tf6686` FOREIGN KEY (`parentdepartid`) REFERENCES `t_s_depart` (`ID`)
) ENGINE=InnoDB DEFAULT CHARSET=utf8;

-- ----------------------------
-- Records of t_s_depart
-- ----------------------------
INSERT INTO `t_s_depart` VALUES ('402881e445e4b8990145e4b950410015', '', '12', null);
INSERT INTO `t_s_depart` VALUES ('402881e445e4b8990145e4b950510016', '', null, null);
INSERT INTO `t_s_depart` VALUES ('402881e445e4b8990145e4b950600017', '', '', '402881e445e4b8990145e4b950510016');

-- ----------------------------
-- Table structure for `t_s_document`
-- ----------------------------
DROP TABLE IF EXISTS `t_s_document`;
CREATE TABLE `t_s_document` (
  `documentstate` smallint(6) default NULL,
  `documenttitle` varchar(100) default NULL,
  `pictureindex` blob,
  `showhome` smallint(6) default NULL,
  `id` varchar(32) NOT NULL,
  `typeid` varchar(32) default NULL,
  PRIMARY KEY  (`id`),
  KEY `FK_qr3qlmgkflj35m5ci1xv0vvg3` (`typeid`),
  KEY `FK_f2mc12eu0umghp2i70apmtxjl` (`id`),
  CONSTRAINT `FK_f2mc12eu0umghp2i70apmtxjl` FOREIGN KEY (`id`) REFERENCES `t_s_attachment` (`ID`),
  CONSTRAINT `FK_qr3qlmgkflj35m5ci1xv0vvg3` FOREIGN KEY (`typeid`) REFERENCES `t_s_type` (`ID`)
) ENGINE=InnoDB DEFAULT CHARSET=utf8;

-- ----------------------------
-- Records of t_s_document
-- ----------------------------

-- ----------------------------
-- Table structure for `t_s_fileno`
-- ----------------------------
DROP TABLE IF EXISTS `t_s_fileno`;
CREATE TABLE `t_s_fileno` (
  `ID` varchar(32) NOT NULL,
  `filenobefore` varchar(32) default NULL,
  `filenonum` int(11) default NULL,
  `filenotype` varchar(32) default NULL,
  `filenoYear` date default NULL,
  PRIMARY KEY  (`ID`)
) ENGINE=InnoDB DEFAULT CHARSET=utf8;

-- ----------------------------
-- Records of t_s_fileno
-- ----------------------------

-- ----------------------------
-- Table structure for `t_s_function`
-- ----------------------------
DROP TABLE IF EXISTS `t_s_function`;
CREATE TABLE `t_s_function` (
  `ID` varchar(32) NOT NULL,
  `functioniframe` smallint(6) default NULL,
  `functionlevel` smallint(6) default NULL,
  `functionname` varchar(50) NOT NULL,
  `functionorder` varchar(255) default NULL,
  `functionurl` varchar(100) default NULL,
  `parentfunctionid` varchar(32) default NULL,
  `iconid` varchar(32) default NULL,
  PRIMARY KEY  (`ID`),
  KEY `FK_brd7b3keorj8pmxcv8bpahnxp` (`parentfunctionid`),
  KEY `FK_q5tqo3v4ltsp1pehdxd59rccx` (`iconid`),
  CONSTRAINT `FK_brd7b3keorj8pmxcv8bpahnxp` FOREIGN KEY (`parentfunctionid`) REFERENCES `t_s_function` (`ID`),
  CONSTRAINT `FK_q5tqo3v4ltsp1pehdxd59rccx` FOREIGN KEY (`iconid`) REFERENCES `t_s_icon` (`ID`)
) ENGINE=InnoDB DEFAULT CHARSET=utf8;

-- ----------------------------
-- Records of t_s_function
-- ----------------------------
INSERT INTO `t_s_function` VALUES ('402881e445e4b8990145e4b950700018', null, '0', 'Online ', '1', '', null, '402881e445e4b8990145e4b950220007');
INSERT INTO `t_s_function` VALUES ('402881e445e4b8990145e4b950700019', null, '0', '', '5', '', null, '402881e445e4b8990145e4b950120005');
INSERT INTO `t_s_function` VALUES ('402881e445e4b8990145e4b95070001a', null, '0', '', '3', '', null, '402881e445e4b8990145e4b950220007');
INSERT INTO `t_s_function` VALUES ('402881e445e4b8990145e4b9507f001b', null, '0', '', '8', '', null, '402881e445e4b8990145e4b950120002');
INSERT INTO `t_s_function` VALUES ('402881e445e4b8990145e4b9507f001c', null, '0', '', '11', '', null, '402881e445e4b8990145e4b950120002');
INSERT INTO `t_s_function` VALUES ('402881e445e4b8990145e4b9507f001d', null, '1', '', '5', 'userController.do?user', '402881e445e4b8990145e4b950700019', '402881e445e4b8990145e4b950120002');
INSERT INTO `t_s_function` VALUES ('402881e445e4b8990145e4b9507f001e', null, '1', '', '6', 'roleController.do?role', '402881e445e4b8990145e4b950700019', '402881e445e4b8990145e4b950120002');
INSERT INTO `t_s_function` VALUES ('402881e445e4b8990145e4b9507f001f', null, '1', '', '7', 'functionController.do?function', '402881e445e4b8990145e4b950700019', '402881e445e4b8990145e4b950120002');
INSERT INTO `t_s_function` VALUES ('402881e445e4b8990145e4b9508f0020', null, '1', '', '6', 'systemController.do?typeGroupList', '402881e445e4b8990145e4b950700019', '402881e445e4b8990145e4b950120002');
INSERT INTO `t_s_function` VALUES ('402881e445e4b8990145e4b9509f0021', null, '1', '', '18', 'iconController.do?icon', '402881e445e4b8990145e4b950700019', '402881e445e4b8990145e4b950120002');
INSERT INTO `t_s_function` VALUES ('402881e445e4b8990145e4b9509f0022', null, '1', '', '22', 'departController.do?depart', '402881e445e4b8990145e4b950700019', '402881e445e4b8990145e4b950120002');
INSERT INTO `t_s_function` VALUES ('402881e445e4b8990145e4b9509f0023', null, '1', '', '22', 'territoryController.do?territory', '402881e445e4b8990145e4b950700019', '402881e445e4b8990145e4b950120001');
INSERT INTO `t_s_function` VALUES ('402881e445e4b8990145e4b9509f0024', null, '1', '', '17', 'logController.do?statisticTabs&isIframe', '402881e445e4b8990145e4b95070001a', '402881e445e4b8990145e4b950120001');
INSERT INTO `t_s_function` VALUES ('402881e445e4b8990145e4b950ae0025', null, '1', '', '1', 'cgFormHeadController.do?cgFormHeadList', '402881e445e4b8990145e4b950700018', '402881e445e4b8990145e4b950120002');
INSERT INTO `t_s_function` VALUES ('402881e445e4b8990145e4b950ae0026', null, '1', '', '2', 'cgreportConfigHeadController.do?cgreportConfigHead', '402881e445e4b8990145e4b950700018', '402881e445e4b8990145e4b950120002');
INSERT INTO `t_s_function` VALUES ('402881e445e4b8990145e4b950ae0027', null, '1', '', '11', 'dataSourceController.do?goDruid&isIframe', '402881e445e4b8990145e4b9507f001c', '402881e445e4b8990145e4b950120002');
INSERT INTO `t_s_function` VALUES ('402881e445e4b8990145e4b950be0028', null, '1', '', '21', 'logController.do?log', '402881e445e4b8990145e4b9507f001c', '402881e445e4b8990145e4b950120002');
INSERT INTO `t_s_function` VALUES ('402881e445e4b8990145e4b950be0029', null, '1', '', '21', 'timeTaskController.do?timeTask', '402881e445e4b8990145e4b9507f001c', '402881e445e4b8990145e4b950120002');
INSERT INTO `t_s_function` VALUES ('402881e445e4b8990145e4b950be002a', null, '1', '', '1', 'demoController.do?formTabs', '402881e445e4b8990145e4b9507f001b', '402881e445e4b8990145e4b950120002');
INSERT INTO `t_s_function` VALUES ('402881e445e4b8990145e4b950be002b', null, '1', 'Demo', '2', 'jeecgDemoController.do?jeecgDemo', '402881e445e4b8990145e4b9507f001b', '402881e445e4b8990145e4b950120002');
INSERT INTO `t_s_function` VALUES ('402881e445e4b8990145e4b950cd002c', null, '1', 'Minidao', '2', 'jeecgMinidaoController.do?jeecgMinidao', '402881e445e4b8990145e4b9507f001b', '402881e445e4b8990145e4b950120002');
INSERT INTO `t_s_function` VALUES ('402881e445e4b8990145e4b950dd002d', null, '1', '', '3', 'jeecgNoteController.do?jeecgNote', '402881e445e4b8990145e4b9507f001b', '402881e445e4b8990145e4b950120002');
INSERT INTO `t_s_function` VALUES ('402881e445e4b8990145e4b950ed002e', null, '1', '', '4', 'jeecgOrderMainController.do?jeecgOrderMain', '402881e445e4b8990145e4b9507f001b', '402881e445e4b8990145e4b950120002');
INSERT INTO `t_s_function` VALUES ('402881e445e4b8990145e4b950ed002f', null, '1', 'Excel', '5', 'courseController.do?course', '402881e445e4b8990145e4b9507f001b', '402881e445e4b8990145e4b950120002');
INSERT INTO `t_s_function` VALUES ('402881e445e4b8990145e4b950ed0030', null, '1', '', '6', 'commonController.do?listTurn&turn=system/document/filesList', '402881e445e4b8990145e4b9507f001b', '402881e445e4b8990145e4b950120002');
INSERT INTO `t_s_function` VALUES ('402881e445e4b8990145e4b950fc0031', null, '1', '', '7', 'userNoPageController.do?user', '402881e445e4b8990145e4b9507f001b', '402881e445e4b8990145e4b950120002');
INSERT INTO `t_s_function` VALUES ('402881e445e4b8990145e4b950fc0032', null, '1', 'jdbc', '8', 'jeecgJdbcController.do?jeecgJdbc', '402881e445e4b8990145e4b9507f001b', '402881e445e4b8990145e4b950120002');
INSERT INTO `t_s_function` VALUES ('402881e445e4b8990145e4b950fc0033', null, '1', 'SQL', '9', 'jeecgJdbcController.do?dictParameter', '402881e445e4b8990145e4b9507f001b', '402881e445e4b8990145e4b950120002');
INSERT INTO `t_s_function` VALUES ('402881e445e4b8990145e4b9510c0034', null, '1', '', '10', 'demoController.do?dictSelect', '402881e445e4b8990145e4b9507f001b', '402881e445e4b8990145e4b950120002');
INSERT INTO `t_s_function` VALUES ('402881e445e4b8990145e4b9510c0035', null, '1', '', '11', 'demoController.do?demoList', '402881e445e4b8990145e4b9507f001b', '402881e445e4b8990145e4b950120002');
INSERT INTO `t_s_function` VALUES ('402881e445e4b8990145e4b9510c0036', null, '1', '', '12', 'demoController.do?demoIframe', '402881e445e4b8990145e4b9507f001b', '402881e445e4b8990145e4b950120002');
INSERT INTO `t_s_function` VALUES ('402881e445e4b8990145e4b9511b0037', null, '1', '(Tag)', '13', 'jeecgEasyUIController.do?jeecgEasyUI', '402881e445e4b8990145e4b9507f001b', '402881e445e4b8990145e4b950120002');
INSERT INTO `t_s_function` VALUES ('402881e445e4b8990145e4b9511b0038', null, '1', '(Tag)', '14', 'jeecgOrderMainNoTagController.do?jeecgOrderMainNoTag', '402881e445e4b8990145e4b9507f001b', '402881e445e4b8990145e4b950120002');
INSERT INTO `t_s_function` VALUES ('402881e445e4b8990145e4b9511b0039', null, '1', 'HTML', '15', 'jeecgDemoController.do?ckeditor&isIframe', '402881e445e4b8990145e4b9507f001b', '402881e445e4b8990145e4b950120002');
INSERT INTO `t_s_function` VALUES ('402881e445e4b8990145e4b9511b003a', null, '1', 'word(IE)', '16', 'webOfficeController.do?webOffice', '402881e445e4b8990145e4b9507f001b', '402881e445e4b8990145e4b950120002');
INSERT INTO `t_s_function` VALUES ('402881e445e4b8990145e4b9512b003b', null, '1', 'WebOffice', '17', 'webOfficeController.do?webOfficeSample&isIframe', '402881e445e4b8990145e4b9507f001b', '402881e445e4b8990145e4b950120002');
INSERT INTO `t_s_function` VALUES ('402881e445e4b8990145e4b9512b003c', null, '1', '', '18', 'tFinanceController.do?tFinance', '402881e445e4b8990145e4b9507f001b', '402881e445e4b8990145e4b950120002');
INSERT INTO `t_s_function` VALUES ('402881e445e4b8990145e4b9512b003d', null, '1', 'DatagridHtml', '19', 'userController.do?userDemo', '402881e445e4b8990145e4b9507f001b', '402881e445e4b8990145e4b950120002');
INSERT INTO `t_s_function` VALUES ('402881e445e4b8990145e4b9512b003e', null, '1', 'Bom', '20', 'jeecgMatterBomController.do?goList', '402881e445e4b8990145e4b9507f001b', '402881e445e4b8990145e4b950120002');
INSERT INTO `t_s_function` VALUES ('402881e445e4b8990145e4b9513b003f', null, '1', '', '21', 'reportDemoController.do?studentStatisticTabs&isIframe', '402881e445e4b8990145e4b95070001a', '402881e445e4b8990145e4b950120001');
INSERT INTO `t_s_function` VALUES ('402881e445e4b8990145e4b9513b0040', null, '1', 'ckfinder', '100', 'jeecgDemoCkfinderController.do?jeecgDemoCkfinder', '402881e445e4b8990145e4b9507f001b', '402881e445e4b8990145e4b950120002');
INSERT INTO `t_s_function` VALUES ('402881e445e4d06d0145e4d456480001', null, '0', '', '15', '', null, '402881e445e4b8990145e4b950120002');
INSERT INTO `t_s_function` VALUES ('402881e445e4d06d0145e4d504410003', null, '1', '', '1', 'activitiController.do?processList', '402881e445e4d06d0145e4d456480001', '402881e445e4b8990145e4b950120002');
INSERT INTO `t_s_function` VALUES ('402881e445e4d06d0145e4d6458c0008', null, '1', '', '2', 'activitiController.do?myProcessList', '402881e445e4d06d0145e4d456480001', '402881e445e4b8990145e4b950120002');
INSERT INTO `t_s_function` VALUES ('402881e445e4df710145e4e465d10005', null, '1', '', '3', 'activitiController.do?runningProcessList', '402881e445e4d06d0145e4d456480001', '402881e445e4b8990145e4b950120006');
INSERT INTO `t_s_function` VALUES ('402881e445e4df710145e4e59d280007', null, '1', '', '4', 'activitiController.do?waitingClaimTask', '402881e445e4d06d0145e4d456480001', '402881e445e4b8990145e4b950120002');
INSERT INTO `t_s_function` VALUES ('402881e445e4df710145e4e6157e0009', null, '1', '', '6', 'activitiController.do?claimedTask', '402881e445e4d06d0145e4d456480001', '402881e445e4b8990145e4b950120002');
INSERT INTO `t_s_function` VALUES ('402881e445e4df710145e4e6f14f000c', null, '1', '', '7', 'activitiController.do?finishedTask', '402881e445e4d06d0145e4d456480001', '402881e445e4b8990145e4b950120002');

-- ----------------------------
-- Table structure for `t_s_icon`
-- ----------------------------
DROP TABLE IF EXISTS `t_s_icon`;
CREATE TABLE `t_s_icon` (
  `ID` varchar(32) NOT NULL,
  `extend` varchar(255) default NULL,
  `iconclas` varchar(200) default NULL,
  `content` blob,
  `name` varchar(100) NOT NULL,
  `path` longtext,
  `type` smallint(6) default NULL,
  PRIMARY KEY  (`ID`)
) ENGINE=InnoDB DEFAULT CHARSET=utf8;

-- ----------------------------
-- Records of t_s_icon
-- ----------------------------
INSERT INTO `t_s_icon` VALUES ('402881e445e4b8990145e4b94fd40000', 'png', 'back', null, '', 'plug-in/accordion/images/back.png', '1');
INSERT INTO `t_s_icon` VALUES ('402881e445e4b8990145e4b950120001', 'png', 'pie', null, '', 'plug-in/accordion/images/pie.png', '1');
INSERT INTO `t_s_icon` VALUES ('402881e445e4b8990145e4b950120002', 'png', 'pictures', null, '', 'plug-in/accordion/images/pictures.png', '1');
INSERT INTO `t_s_icon` VALUES ('402881e445e4b8990145e4b950120003', 'png', 'pencil', null, '', 'plug-in/accordion/images/pencil.png', '1');
INSERT INTO `t_s_icon` VALUES ('402881e445e4b8990145e4b950120004', 'png', 'map', null, '', 'plug-in/accordion/images/map.png', '1');
INSERT INTO `t_s_icon` VALUES ('402881e445e4b8990145e4b950120005', 'png', 'group_add', null, '', 'plug-in/accordion/images/group_add.png', '1');
INSERT INTO `t_s_icon` VALUES ('402881e445e4b8990145e4b950120006', 'png', 'calculator', null, '', 'plug-in/accordion/images/calculator.png', '1');
INSERT INTO `t_s_icon` VALUES ('402881e445e4b8990145e4b950220007', 'png', 'folder', null, '', 'plug-in/accordion/images/folder.png', '1');

-- ----------------------------
-- Table structure for `t_s_log`
-- ----------------------------
DROP TABLE IF EXISTS `t_s_log`;
CREATE TABLE `t_s_log` (
  `ID` varchar(32) NOT NULL,
  `broswer` varchar(100) default NULL,
  `logcontent` longtext NOT NULL,
  `loglevel` smallint(6) default NULL,
  `note` longtext,
  `operatetime` datetime NOT NULL,
  `operatetype` smallint(6) default NULL,
  `userid` varchar(32) default NULL,
  PRIMARY KEY  (`ID`),
  KEY `FK_oe64k4852uylhyc5a00rfwtay` (`userid`),
  CONSTRAINT `FK_oe64k4852uylhyc5a00rfwtay` FOREIGN KEY (`userid`) REFERENCES `t_s_user` (`id`)
) ENGINE=InnoDB DEFAULT CHARSET=utf8;

-- ----------------------------
-- Records of t_s_log
-- ----------------------------
INSERT INTO `t_s_log` VALUES ('402881e445e4b8990145e4b9550300c5', 'Chrome', ': admin', '1', '169.254.200.136', '2013-04-24 16:22:00', '1', '402881e445e4b8990145e4b9515a0043');
INSERT INTO `t_s_log` VALUES ('402881e445e4b8990145e4b9551200c6', 'Chrome', ': admin', '1', '10.10.10.1', '2013-04-24 17:12:00', '1', '402881e445e4b8990145e4b9515a0043');
INSERT INTO `t_s_log` VALUES ('402881e445e4b8990145e4b9551200c7', 'Chrome', ': admin', '1', '169.254.218.201', '2013-03-10 15:37:00', '1', '402881e445e4b8990145e4b9515a0043');
INSERT INTO `t_s_log` VALUES ('402881e445e4b8990145e4b9551200c8', 'Chrome', 'admin', '2', '169.254.218.201', '2013-03-10 15:38:00', '1', '402881e445e4b8990145e4b9515a0043');
INSERT INTO `t_s_log` VALUES ('402881e445e4b8990145e4b9551200c9', 'MSIE 9.0', ': admin', '1', '169.254.218.201', '2013-03-10 15:38:00', '1', '402881e445e4b8990145e4b9515a0043');
INSERT INTO `t_s_log` VALUES ('402881e445e4b8990145e4b9551200ca', 'MSIE 9.0', 'JeecgDemo: 12 ', '4', '169.254.218.201', '2013-03-10 15:39:00', '1', '402881e445e4b8990145e4b9515a0043');
INSERT INTO `t_s_log` VALUES ('402881e445e4b8990145e4b9551200cb', 'MSIE 9.0', 'JeecgDemo: 12 ', '4', '169.254.218.201', '2013-03-10 15:39:00', '1', '402881e445e4b8990145e4b9515a0043');
INSERT INTO `t_s_log` VALUES ('402881e445e4b8990145e4b9552200cc', 'Chrome', 'JeecgDemo: 12 ', '4', '169.254.218.201', '2013-03-10 15:39:00', '1', '402881e445e4b8990145e4b9515a0043');
INSERT INTO `t_s_log` VALUES ('402881e445e4b8990145e4b9552200cd', 'MSIE 9.0', ': ', '5', '169.254.218.201', '2013-03-10 15:39:00', '1', '402881e445e4b8990145e4b9515a0043');
INSERT INTO `t_s_log` VALUES ('402881e445e4b8990145e4b9552200ce', 'Chrome', '', '4', '169.254.218.201', '2013-03-10 15:39:00', '1', '402881e445e4b8990145e4b9515a0043');
INSERT INTO `t_s_log` VALUES ('402881e445e4b8990145e4b9552200cf', 'MSIE 9.0', '', '4', '169.254.218.201', '2013-03-10 15:39:00', '1', '402881e445e4b8990145e4b9515a0043');
INSERT INTO `t_s_log` VALUES ('402881e445e4b8990145e4b9552200d0', 'Chrome', '', '4', '169.254.218.201', '2013-03-10 15:39:00', '1', '402881e445e4b8990145e4b9515a0043');
INSERT INTO `t_s_log` VALUES ('402881e445e4b8990145e4b9552200d1', 'Firefox', '', '4', '169.254.218.201', '2013-03-10 15:39:00', '1', '402881e445e4b8990145e4b9515a0043');
INSERT INTO `t_s_log` VALUES ('402881e445e4b8990145e4b9552200d2', 'Chrome', '', '3', '169.254.218.201', '2013-03-10 15:40:00', '1', '402881e445e4b8990145e4b9515a0043');
INSERT INTO `t_s_log` VALUES ('402881e445e4b8990145e4b9553200d3', 'Chrome', '', '5', '169.254.218.201', '2013-03-10 15:40:00', '1', '402881e445e4b8990145e4b9515a0043');
INSERT INTO `t_s_log` VALUES ('402881e445e4b8990145e4b9553200d4', 'Chrome', 'JeecgDemo: 12', '3', '169.254.218.201', '2013-03-10 15:40:00', '1', '402881e445e4b8990145e4b9515a0043');
INSERT INTO `t_s_log` VALUES ('402881e445e4b8990145e4b9553200d5', 'Chrome', ': ', '5', '169.254.218.201', '2013-03-10 15:41:00', '1', '402881e445e4b8990145e4b9515a0043');
INSERT INTO `t_s_log` VALUES ('402881e445e4b8990145e4b9553200d6', 'Chrome', ': ', '5', '169.254.218.201', '2013-03-10 15:41:00', '1', '402881e445e4b8990145e4b9515a0043');
INSERT INTO `t_s_log` VALUES ('402881e445e4b8990145e4b9553200d7', 'Chrome', ': ', '5', '169.254.218.201', '2013-03-10 15:46:00', '1', '402881e445e4b8990145e4b9515a0043');
INSERT INTO `t_s_log` VALUES ('402881e445e4b8990145e4b9553200d8', 'Chrome', ': admin', '1', '169.254.218.201', '2013-03-10 15:48:00', '1', '402881e445e4b8990145e4b9515a0043');
INSERT INTO `t_s_log` VALUES ('402881e445e4b8990145e4b9554100d9', 'Firefox', ': admin', '1', '169.254.218.201', '2013-03-21 23:23:00', '1', '402881e445e4b8990145e4b9515a0043');
INSERT INTO `t_s_log` VALUES ('402881e445e4b8990145e4b9554100da', 'Chrome', ': admin', '1', '169.254.218.201', '2013-03-21 23:26:00', '1', '402881e445e4b8990145e4b9515a0043');
INSERT INTO `t_s_log` VALUES ('402881e445e4b8990145e4b9554100db', 'Chrome', ': ', '3', '169.254.218.201', '2013-03-21 23:28:00', '1', '402881e445e4b8990145e4b9515a0043');
INSERT INTO `t_s_log` VALUES ('402881e445e4b8990145e4b9554100dc', 'Chrome', ': admin', '1', '169.254.218.201', '2013-03-22 08:25:00', '1', '402881e445e4b8990145e4b9515a0043');
INSERT INTO `t_s_log` VALUES ('402881e445e4b8990145e4b9554100dd', 'Firefox', ': admin', '1', '169.254.218.201', '2013-03-22 09:05:00', '1', '402881e445e4b8990145e4b9515a0043');
INSERT INTO `t_s_log` VALUES ('402881e445e4b8990145e4b9554100de', 'Chrome', ': admin', '1', '169.254.218.201', '2013-03-22 09:09:00', '1', '402881e445e4b8990145e4b9515a0043');
INSERT INTO `t_s_log` VALUES ('402881e445e4b8990145e4b9554100df', 'MSIE 8.0', ': admin', '1', '169.254.218.201', '2013-03-22 09:28:00', '1', '402881e445e4b8990145e4b9515a0043');
INSERT INTO `t_s_log` VALUES ('402881e445e4b8990145e4b9555100e0', 'Firefox', ': admin', '1', '169.254.218.201', '2013-03-22 10:32:00', '1', '402881e445e4b8990145e4b9515a0043');
INSERT INTO `t_s_log` VALUES ('402881e445e4b8990145e4b9555100e1', 'Chrome', ': ', '3', '169.254.218.201', '2013-03-22 10:35:00', '1', '402881e445e4b8990145e4b9515a0043');
INSERT INTO `t_s_log` VALUES ('402881e445e4b8990145e4b9555100e2', 'Firefox', ': admin', '1', '169.254.218.201', '2013-03-22 10:41:00', '1', '402881e445e4b8990145e4b9515a0043');
INSERT INTO `t_s_log` VALUES ('402881e445e4b8990145e4b9555100e3', 'Firefox', ': admin', '1', '169.254.218.201', '2013-03-22 16:11:00', '1', '402881e445e4b8990145e4b9515a0043');
INSERT INTO `t_s_log` VALUES ('402881e445e4b8990145e4b9555100e4', 'Chrome', ': admin', '1', '169.254.218.201', '2013-03-22 21:49:00', '1', '402881e445e4b8990145e4b9515a0043');
INSERT INTO `t_s_log` VALUES ('402881e445e4b8990145e4b9555100e5', 'Chrome', ': admin', '1', '169.254.218.201', '2013-03-22 23:17:00', '1', '402881e445e4b8990145e4b9515a0043');
INSERT INTO `t_s_log` VALUES ('402881e445e4b8990145e4b9555100e6', 'Chrome', ': admin', '1', '169.254.218.201', '2013-03-22 23:27:00', '1', '402881e445e4b8990145e4b9515a0043');
INSERT INTO `t_s_log` VALUES ('402881e445e4b8990145e4b9556000e7', 'Chrome', ': admin', '1', '169.254.218.201', '2013-03-23 00:16:00', '1', '402881e445e4b8990145e4b9515a0043');
INSERT INTO `t_s_log` VALUES ('402881e445e4b8990145e4b9556000e8', 'Chrome', ': admin', '1', '169.254.218.201', '2013-03-23 00:22:00', '1', '402881e445e4b8990145e4b9515a0043');
INSERT INTO `t_s_log` VALUES ('402881e445e4b8990145e4b9556000e9', 'Firefox', ': admin', '1', '169.254.218.201', '2013-03-23 00:31:00', '1', '402881e445e4b8990145e4b9515a0043');
INSERT INTO `t_s_log` VALUES ('402881e445e4b8990145e4b9556000ea', 'Chrome', ': admin', '1', '169.254.218.201', '2013-03-23 14:23:00', '1', '402881e445e4b8990145e4b9515a0043');
INSERT INTO `t_s_log` VALUES ('402881e445e4b8990145e4b9556000eb', 'Chrome', ': ', '3', '169.254.218.201', '2013-03-23 15:05:00', '1', '402881e445e4b8990145e4b9515a0043');
INSERT INTO `t_s_log` VALUES ('402881e445e4b8990145e4b9556000ec', 'Firefox', ': ', '3', '169.254.218.201', '2013-03-23 15:05:00', '1', '402881e445e4b8990145e4b9515a0043');
INSERT INTO `t_s_log` VALUES ('402881e445e4b8990145e4b9557000ed', 'Chrome', ': ', '3', '169.254.218.201', '2013-03-23 15:12:00', '1', '402881e445e4b8990145e4b9515a0043');
INSERT INTO `t_s_log` VALUES ('402881e445e4b8990145e4b9557000ee', 'Firefox', ': ', '3', '169.254.218.201', '2013-03-23 15:13:00', '1', '402881e445e4b8990145e4b9515a0043');
INSERT INTO `t_s_log` VALUES ('402881e445e4b8990145e4b9557000ef', 'Chrome', ': admin', '1', '10.10.10.1', '2013-05-06 15:27:00', '1', '402881e445e4b8990145e4b9515a0043');
INSERT INTO `t_s_log` VALUES ('402881e445e4b8990145e4b9557000f0', 'MSIE 8.0', ': admin', '1', '192.168.197.1', '2013-07-07 15:16:00', '1', '402881e445e4b8990145e4b9515a0043');
INSERT INTO `t_s_log` VALUES ('402881e445e4b8990145e4b9557000f1', 'MSIE 8.0', ': admin', '1', '192.168.197.1', '2013-07-07 16:02:00', '1', '402881e445e4b8990145e4b9515a0043');
INSERT INTO `t_s_log` VALUES ('402881e445e4b8990145e4b9557000f2', 'MSIE 8.0', ': admin', '1', '192.168.197.1', '2013-07-07 16:07:00', '1', '402881e445e4b8990145e4b9515a0043');
INSERT INTO `t_s_log` VALUES ('402881e445e4b8990145e4b9558000f3', 'MSIE 8.0', ': admin', '1', '192.168.197.1', '2013-07-07 16:09:00', '1', '402881e445e4b8990145e4b9515a0043');
INSERT INTO `t_s_log` VALUES ('402881e445e4b8990145e4b9558000f4', 'MSIE 8.0', ': admin', '1', '192.168.197.1', '2013-07-07 16:11:00', '1', '402881e445e4b8990145e4b9515a0043');
INSERT INTO `t_s_log` VALUES ('402881e445e4b8990145e4b9558000f5', 'MSIE 8.0', ': admin', '1', '192.168.197.1', '2013-07-07 16:13:00', '1', '402881e445e4b8990145e4b9515a0043');
INSERT INTO `t_s_log` VALUES ('402881e445e4b8990145e4b9558000f6', 'MSIE 8.0', ': admin', '1', '192.168.197.1', '2013-07-07 16:16:00', '1', '402881e445e4b8990145e4b9515a0043');
INSERT INTO `t_s_log` VALUES ('402881e445e4b8990145e4b9558000f7', 'MSIE 8.0', ': admin', '1', '192.168.197.1', '2013-07-07 16:19:00', '1', '402881e445e4b8990145e4b9515a0043');
INSERT INTO `t_s_log` VALUES ('402881e445e4b8990145e4b9558f00f8', 'MSIE 8.0', ': admin', '1', '192.168.197.1', '2013-07-07 16:27:00', '1', '402881e445e4b8990145e4b9515a0043');
INSERT INTO `t_s_log` VALUES ('402881e445e4b8990145e4b9558f00f9', 'MSIE 8.0', ': admin', '1', '192.168.197.1', '2013-07-07 16:42:00', '1', '402881e445e4b8990145e4b9515a0043');
INSERT INTO `t_s_log` VALUES ('402881e445e4b8990145e4b9558f00fa', 'MSIE 8.0', ': admin', '1', '192.168.197.1', '2013-07-07 16:44:00', '1', '402881e445e4b8990145e4b9515a0043');
INSERT INTO `t_s_log` VALUES ('402881e445e4b8990145e4b9558f00fb', 'MSIE 8.0', ': admin', '1', '192.168.197.1', '2013-07-07 16:49:00', '1', '402881e445e4b8990145e4b9515a0043');
INSERT INTO `t_s_log` VALUES ('402881e445e4b8990145e4b9558f00fc', 'MSIE 8.0', ': admin', '1', '192.168.197.1', '2013-07-07 16:50:00', '1', '402881e445e4b8990145e4b9515a0043');
INSERT INTO `t_s_log` VALUES ('402881e445e4b8990145e4b9558f00fd', 'MSIE 8.0', ': admin', '1', '192.168.197.1', '2013-07-07 16:53:00', '1', '402881e445e4b8990145e4b9515a0043');
INSERT INTO `t_s_log` VALUES ('402881e445e4b8990145e4b9558f00fe', 'MSIE 8.0', '', '5', '192.168.197.1', '2013-07-07 16:56:00', '1', '402881e445e4b8990145e4b9515a0043');
INSERT INTO `t_s_log` VALUES ('402881e445e4b8990145e4b9559f00ff', 'MSIE 8.0', ': admin', '1', '192.168.197.1', '2013-07-07 16:59:00', '1', '402881e445e4b8990145e4b9515a0043');
INSERT INTO `t_s_log` VALUES ('402881e445e4b8990145e4b9559f0100', 'MSIE 8.0', '', '3', '192.168.197.1', '2013-07-07 17:22:00', '1', '402881e445e4b8990145e4b9515a0043');
INSERT INTO `t_s_log` VALUES ('402881e445e4b8990145e4b9559f0101', 'MSIE 8.0', '', '5', '192.168.197.1', '2013-07-07 17:26:00', '1', '402881e445e4b8990145e4b9515a0043');
INSERT INTO `t_s_log` VALUES ('402881e445e4b8990145e4b9559f0102', 'MSIE 8.0', '', '4', '192.168.197.1', '2013-07-07 17:31:00', '1', '402881e445e4b8990145e4b9515a0043');
INSERT INTO `t_s_log` VALUES ('402881e445e4b8990145e4b9559f0103', 'MSIE 8.0', '', '5', '192.168.197.1', '2013-07-07 17:35:00', '1', '402881e445e4b8990145e4b9515a0043');
INSERT INTO `t_s_log` VALUES ('402881e445e4b8990145e4b9559f0104', 'MSIE 8.0', ': admin', '1', '192.168.197.1', '2013-07-07 17:46:00', '1', '402881e445e4b8990145e4b9515a0043');
INSERT INTO `t_s_log` VALUES ('402881e445e4b8990145e4b955ae0105', 'MSIE 8.0', ': admin', '1', '192.168.197.1', '2013-07-07 17:55:00', '1', '402881e445e4b8990145e4b9515a0043');
INSERT INTO `t_s_log` VALUES ('402881e445e4b8990145e4b955ae0106', 'MSIE 8.0', ': admin', '1', '192.168.197.1', '2013-07-07 18:08:00', '1', '402881e445e4b8990145e4b9515a0043');
INSERT INTO `t_s_log` VALUES ('402881e445e4b8990145e4b955ae0107', 'MSIE 8.0', ': admin', '1', '192.168.197.1', '2013-07-07 18:13:00', '1', '402881e445e4b8990145e4b9515a0043');
INSERT INTO `t_s_log` VALUES ('402881e445e4b8990145e4b955ae0108', 'MSIE 8.0', ': admin', '1', '192.168.197.1', '2013-07-07 18:15:00', '1', '402881e445e4b8990145e4b9515a0043');
INSERT INTO `t_s_log` VALUES ('402881e445e4b8990145e4b955ae0109', 'MSIE 8.0', '', '5', '192.168.197.1', '2013-07-07 18:28:00', '1', '402881e445e4b8990145e4b9515a0043');
INSERT INTO `t_s_log` VALUES ('402881e445e4b8990145e4b955ae010a', 'MSIE 8.0', '', '5', '192.168.197.1', '2013-07-07 18:29:00', '1', '402881e445e4b8990145e4b9515a0043');
INSERT INTO `t_s_log` VALUES ('402881e445e4b8990145e4b955be010b', 'MSIE 8.0', '', '5', '192.168.197.1', '2013-07-07 18:30:00', '1', '402881e445e4b8990145e4b9515a0043');
INSERT INTO `t_s_log` VALUES ('402881e445e4b8990145e4b955be010c', 'MSIE 8.0', '', '5', '192.168.197.1', '2013-07-07 18:31:00', '1', '402881e445e4b8990145e4b9515a0043');
INSERT INTO `t_s_log` VALUES ('402881e445e4b8990145e4b955be010d', 'MSIE 8.0', '', '5', '192.168.197.1', '2013-07-07 18:31:00', '1', '402881e445e4b8990145e4b9515a0043');
INSERT INTO `t_s_log` VALUES ('402881e445e4b8990145e4b955ce010e', 'MSIE 9.0', ': 555', '3', '192.168.1.103', '2013-03-20 23:03:00', '1', '402881e445e4b8990145e4b9515a0043');
INSERT INTO `t_s_log` VALUES ('402881e445e4b8990145e4b955ce010f', 'MSIE 9.0', ': admin', '1', '192.168.1.103', '2013-03-20 23:19:00', '1', '402881e445e4b8990145e4b9515a0043');
INSERT INTO `t_s_log` VALUES ('402881e445e4b8990145e4b955ce0110', 'MSIE 9.0', ': admin', '1', '192.168.1.103', '2013-03-21 20:09:00', '1', '402881e445e4b8990145e4b9515a0043');
INSERT INTO `t_s_log` VALUES ('402881e445e4b8990145e4b955ce0111', 'MSIE 9.0', ': admin', '1', '192.168.1.103', '2013-03-21 20:27:00', '1', '402881e445e4b8990145e4b9515a0043');
INSERT INTO `t_s_log` VALUES ('402881e445e4b8990145e4b955ce0112', 'MSIE 9.0', ': admin', '1', '192.168.1.103', '2013-03-21 20:44:00', '1', '402881e445e4b8990145e4b9515a0043');
INSERT INTO `t_s_log` VALUES ('402881e445e4b8990145e4b955ce0113', 'MSIE 9.0', ': admin', '1', '192.168.1.103', '2013-03-21 20:54:00', '1', '402881e445e4b8990145e4b9515a0043');
INSERT INTO `t_s_log` VALUES ('402881e445e4b8990145e4b955dd0114', 'MSIE 9.0', ': admin', '1', '192.168.1.103', '2013-03-21 21:01:00', '1', '402881e445e4b8990145e4b9515a0043');
INSERT INTO `t_s_log` VALUES ('402881e445e4b8990145e4b955dd0115', 'MSIE 9.0', ': admin', '1', '192.168.1.103', '2013-03-21 21:13:00', '1', '402881e445e4b8990145e4b9515a0043');
INSERT INTO `t_s_log` VALUES ('402881e445e4b8990145e4b955dd0116', 'MSIE 9.0', ': 55', '3', '192.168.1.103', '2013-03-21 21:15:00', '1', '402881e445e4b8990145e4b9515a0043');
INSERT INTO `t_s_log` VALUES ('402881e445e4b8990145e4b955dd0117', 'MSIE 9.0', ': admin', '1', '192.168.1.103', '2013-03-21 21:22:00', '1', '402881e445e4b8990145e4b9515a0043');
INSERT INTO `t_s_log` VALUES ('402881e445e4b8990145e4b955dd0118', 'MSIE 9.0', ': 55', '3', '192.168.1.103', '2013-03-21 21:23:00', '1', '402881e445e4b8990145e4b9515a0043');
INSERT INTO `t_s_log` VALUES ('402881e445e4b8990145e4b955dd0119', 'MSIE 9.0', ': 33', '3', '192.168.1.103', '2013-03-21 21:23:00', '1', '402881e445e4b8990145e4b9515a0043');
INSERT INTO `t_s_log` VALUES ('402881e445e4b8990145e4b955ed011a', 'MSIE 9.0', ': admin', '1', '192.168.1.103', '2013-03-21 21:25:00', '1', '402881e445e4b8990145e4b9515a0043');
INSERT INTO `t_s_log` VALUES ('402881e445e4b8990145e4b955ed011b', 'MSIE 9.0', ': admin', '1', '192.168.1.103', '2013-03-21 21:27:00', '1', '402881e445e4b8990145e4b9515a0043');
INSERT INTO `t_s_log` VALUES ('402881e445e4b8990145e4b955ed011c', 'MSIE 9.0', ': ', '3', '192.168.1.103', '2013-03-21 21:29:00', '1', '402881e445e4b8990145e4b9515a0043');
INSERT INTO `t_s_log` VALUES ('402881e445e4b8990145e4b955ed011d', 'MSIE 9.0', ': ', '5', '192.168.1.103', '2013-03-21 21:29:00', '1', '402881e445e4b8990145e4b9515a0043');
INSERT INTO `t_s_log` VALUES ('402881e445e4b8990145e4b955ed011e', 'MSIE 9.0', ': ', '5', '192.168.1.103', '2013-03-21 21:30:00', '1', '402881e445e4b8990145e4b9515a0043');
INSERT INTO `t_s_log` VALUES ('402881e445e4b8990145e4b955ed011f', 'MSIE 9.0', ': admin', '5', '192.168.1.103', '2013-03-21 21:31:00', '1', '402881e445e4b8990145e4b9515a0043');
INSERT INTO `t_s_log` VALUES ('402881e445e4b8990145e4b955ed0120', 'MSIE 9.0', ': ', '3', '192.168.1.103', '2013-03-21 21:36:00', '1', '402881e445e4b8990145e4b9515a0043');
INSERT INTO `t_s_log` VALUES ('402881e445e4b8990145e4b955ed0121', 'MSIE 9.0', ': ', '5', '192.168.1.103', '2013-03-21 21:36:00', '1', '402881e445e4b8990145e4b9515a0043');
INSERT INTO `t_s_log` VALUES ('402881e445e4b8990145e4b955fc0122', 'MSIE 9.0', ': ', '5', '192.168.1.103', '2013-03-21 21:37:00', '1', '402881e445e4b8990145e4b9515a0043');
INSERT INTO `t_s_log` VALUES ('402881e445e4b8990145e4b955fc0123', 'MSIE 9.0', ':  ', '4', '192.168.1.103', '2013-03-21 21:38:00', '1', '402881e445e4b8990145e4b9515a0043');
INSERT INTO `t_s_log` VALUES ('402881e445e4b8990145e4b955fc0124', 'MSIE 9.0', ': 44', '3', '192.168.1.103', '2013-03-21 21:43:00', '1', '402881e445e4b8990145e4b9515a0043');
INSERT INTO `t_s_log` VALUES ('402881e445e4b8990145e4b955fc0125', 'MSIE 9.0', ': admin', '1', '192.168.1.105', '2013-02-07 10:10:00', '1', '402881e445e4b8990145e4b9515a0043');
INSERT INTO `t_s_log` VALUES ('402881e445e4b8990145e4b955fc0126', 'MSIE 9.0', ': ', '3', '192.168.1.105', '2013-02-07 11:07:00', '1', '402881e445e4b8990145e4b9515a0043');
INSERT INTO `t_s_log` VALUES ('402881e445e4b8990145e4b9560c0127', 'MSIE 9.0', ': ', '4', '192.168.1.105', '2013-02-07 11:07:00', '1', '402881e445e4b8990145e4b9515a0043');
INSERT INTO `t_s_log` VALUES ('402881e445e4b8990145e4b9560c0128', 'MSIE 9.0', ': admin', '1', '192.168.1.105', '2013-02-07 11:07:00', '1', '402881e445e4b8990145e4b9515a0043');
INSERT INTO `t_s_log` VALUES ('402881e445e4b8990145e4b977e70180', 'MSIE 7.0', ': admin[]', '1', '192.168.1.100', '2014-05-10 14:02:11', '1', '402881e445e4b8990145e4b9515a0043');
INSERT INTO `t_s_log` VALUES ('402881e445e4d06d0145e4d22ed60000', 'MSIE 7.0', ': admin[]', '1', '192.168.1.100', '2014-05-10 14:29:10', '1', '402881e445e4b8990145e4b9515a0043');
INSERT INTO `t_s_log` VALUES ('402881e445e4d06d0145e4d456970002', 'MSIE 7.0', ': ', '3', '192.168.1.100', '2014-05-10 14:31:32', '1', '402881e445e4b8990145e4b9515a0043');
INSERT INTO `t_s_log` VALUES ('402881e445e4d06d0145e4d504900004', 'MSIE 7.0', ': ', '3', '192.168.1.100', '2014-05-10 14:32:16', '1', '402881e445e4b8990145e4b9515a0043');
INSERT INTO `t_s_log` VALUES ('402881e445e4d06d0145e4d584830006', 'MSIE 7.0', ': ', '3', '192.168.1.100', '2014-05-10 14:32:49', '1', '402881e445e4b8990145e4b9515a0043');
INSERT INTO `t_s_log` VALUES ('402881e445e4d06d0145e4d603f20007', 'MSIE 7.0', ': ', '4', '192.168.1.100', '2014-05-10 14:33:22', '1', '402881e445e4b8990145e4b9515a0043');
INSERT INTO `t_s_log` VALUES ('402881e445e4d06d0145e4d645cb0009', 'MSIE 7.0', ': ', '3', '192.168.1.100', '2014-05-10 14:33:39', '1', '402881e445e4b8990145e4b9515a0043');
INSERT INTO `t_s_log` VALUES ('402881e445e4d06d0145e4d68fcf000d', 'MSIE 7.0', 'admin', '2', '192.168.1.100', '2014-05-10 14:33:57', '1', '402881e445e4b8990145e4b9515a0043');
INSERT INTO `t_s_log` VALUES ('402881e445e4d06d0145e4d6ad66000e', 'MSIE 7.0', ': admin[]', '1', '192.168.1.100', '2014-05-10 14:34:05', '1', '402881e445e4b8990145e4b9515a0043');
INSERT INTO `t_s_log` VALUES ('402881e445e4df710145e4dfedb00000', 'MSIE 7.0', ': admin[]', '1', '192.168.1.100', '2014-05-10 14:44:11', '1', '402881e445e4b8990145e4b9515a0043');
INSERT INTO `t_s_log` VALUES ('402881e445e4df710145e4e1a7280001', 'MSIE 7.0', 'admin', '2', '192.168.1.100', '2014-05-10 14:46:04', '1', '402881e445e4b8990145e4b9515a0043');
INSERT INTO `t_s_log` VALUES ('402881e445e4df710145e4e1b89f0002', 'MSIE 7.0', ': admin[]', '1', '192.168.1.100', '2014-05-10 14:46:09', '1', '402881e445e4b8990145e4b9515a0043');
INSERT INTO `t_s_log` VALUES ('402881e445e4df710145e4e2293d0003', 'MSIE 7.0', 'admin', '2', '192.168.1.100', '2014-05-10 14:46:38', '1', '402881e445e4b8990145e4b9515a0043');
INSERT INTO `t_s_log` VALUES ('402881e445e4df710145e4e23b370004', 'MSIE 7.0', ': admin[]', '1', '192.168.1.100', '2014-05-10 14:46:42', '1', '402881e445e4b8990145e4b9515a0043');
INSERT INTO `t_s_log` VALUES ('402881e445e4df710145e4e466100006', 'MSIE 7.0', ': ', '3', '192.168.1.100', '2014-05-10 14:49:04', '1', '402881e445e4b8990145e4b9515a0043');
INSERT INTO `t_s_log` VALUES ('402881e445e4df710145e4e59d670008', 'MSIE 7.0', ': ', '3', '192.168.1.100', '2014-05-10 14:50:24', '1', '402881e445e4b8990145e4b9515a0043');
INSERT INTO `t_s_log` VALUES ('402881e445e4df710145e4e615ae000a', 'MSIE 7.0', ': ', '3', '192.168.1.100', '2014-05-10 14:50:55', '1', '402881e445e4b8990145e4b9515a0043');
INSERT INTO `t_s_log` VALUES ('402881e445e4df710145e4e6962d000b', 'MSIE 7.0', ': ', '5', '192.168.1.100', '2014-05-10 14:51:28', '1', '402881e445e4b8990145e4b9515a0043');
INSERT INTO `t_s_log` VALUES ('402881e445e4df710145e4e6f18e000d', 'MSIE 7.0', ': ', '3', '192.168.1.100', '2014-05-10 14:51:51', '1', '402881e445e4b8990145e4b9515a0043');
INSERT INTO `t_s_log` VALUES ('402881e445e4df710145e4e752f20012', 'MSIE 7.0', 'admin', '2', '192.168.1.100', '2014-05-10 14:52:16', '1', '402881e445e4b8990145e4b9515a0043');
INSERT INTO `t_s_log` VALUES ('402881e445e4df710145e4e764c60013', 'MSIE 7.0', ': admin[]', '1', '192.168.1.100', '2014-05-10 14:52:21', '1', '402881e445e4b8990145e4b9515a0043');
INSERT INTO `t_s_log` VALUES ('402881e445e4ed470145e4ed9d910000', 'MSIE 7.0', ': admin[]', '1', '192.168.1.100', '2014-05-10 14:59:08', '1', '402881e445e4b8990145e4b9515a0043');
INSERT INTO `t_s_log` VALUES ('402881e445e4f2010145e4f283520000', 'MSIE 7.0', ': admin[]', '1', '192.168.1.100', '2014-05-10 15:04:29', '1', '402881e445e4b8990145e4b9515a0043');
INSERT INTO `t_s_log` VALUES ('402881e445e4f3fd0145e4f4765d0000', 'MSIE 7.0', ': admin[]', '1', '192.168.1.100', '2014-05-10 15:06:37', '1', '402881e445e4b8990145e4b9515a0043');
INSERT INTO `t_s_log` VALUES ('402881e445e506cb0145e50728780000', 'MSIE 7.0', ': admin[]', '1', '192.168.1.100', '2014-05-10 15:27:02', '1', '402881e445e4b8990145e4b9515a0043');
INSERT INTO `t_s_log` VALUES ('402881e445e514860145e5154f8e0000', 'MSIE 7.0', ': admin[]', '1', '192.168.1.100', '2014-05-10 15:42:30', '1', '402881e445e4b8990145e4b9515a0043');
INSERT INTO `t_s_log` VALUES ('402881e445e514860145e54240220001', 'MSIE 7.0', ': admin[]', '1', '192.168.1.100', '2014-05-10 16:31:35', '1', '402881e445e4b8990145e4b9515a0043');
INSERT INTO `t_s_log` VALUES ('402881e445e55f7c0145e5602dd80000', 'MSIE 7.0', ': admin[]', '1', '192.168.1.100', '2014-05-10 17:04:16', '1', '402881e445e4b8990145e4b9515a0043');
INSERT INTO `t_s_log` VALUES ('402881e445e57f6d0145e5803f440000', 'MSIE 7.0', ': admin[]', '1', '192.168.1.100', '2014-05-10 17:39:18', '1', '402881e445e4b8990145e4b9515a0043');
INSERT INTO `t_s_log` VALUES ('402881e445e59a3b0145e5a18dc20000', 'MSIE 7.0', ': admin[]', '1', '192.168.1.100', '2014-05-10 18:15:41', '1', '402881e445e4b8990145e4b9515a0043');
INSERT INTO `t_s_log` VALUES ('402881e445e5c77d0145e5c82ced0000', 'MSIE 7.0', ': admin[]', '1', '192.168.1.100', '2014-05-10 18:57:52', '1', '402881e445e4b8990145e4b9515a0043');
INSERT INTO `t_s_log` VALUES ('402881e445e5cc440145e5ccc71b0000', 'MSIE 7.0', ': admin[]', '1', '192.168.1.100', '2014-05-10 19:02:53', '1', '402881e445e4b8990145e4b9515a0043');
INSERT INTO `t_s_log` VALUES ('402881e445e5eeb50145e5ef115c0000', 'MSIE 7.0', ': admin[]', '1', '192.168.1.100', '2014-05-10 19:40:21', '1', '402881e445e4b8990145e4b9515a0043');
INSERT INTO `t_s_log` VALUES ('402881e445e5f2800145e5f3e3b70000', 'MSIE 7.0', ': admin[]', '1', '192.168.1.100', '2014-05-10 19:45:37', '1', '402881e445e4b8990145e4b9515a0043');
INSERT INTO `t_s_log` VALUES ('402881e445e61adc0145e61b614a0000', 'MSIE 7.0', ': admin[]', '1', '192.168.1.100', '2014-05-10 20:28:45', '1', '402881e445e4b8990145e4b9515a0043');
INSERT INTO `t_s_log` VALUES ('402881e445e696c80145e697547e0000', 'MSIE 7.0', ': admin[]', '1', '192.168.1.100', '2014-05-10 22:44:08', '1', '402881e445e4b8990145e4b9515a0043');
INSERT INTO `t_s_log` VALUES ('402881e445e6a95f0145e6a9ff160000', 'MSIE 7.0', ': admin[]', '1', '192.168.1.100', '2014-05-10 23:04:31', '1', '402881e445e4b8990145e4b9515a0043');
INSERT INTO `t_s_log` VALUES ('402881e445e6a95f0145e6acd5570001', 'Chrome', ': admin[]', '1', '192.168.1.100', '2014-05-10 23:07:37', '1', '402881e445e4b8990145e4b9515a0043');
INSERT INTO `t_s_log` VALUES ('402881e445e6c2110145e6c2de130000', 'Chrome', ': admin[]', '1', '192.168.1.100', '2014-05-10 23:31:41', '1', '402881e445e4b8990145e4b9515a0043');
INSERT INTO `t_s_log` VALUES ('402881e445e6c2110145e6c61bd40001', 'MSIE 7.0', ': admin[]', '1', '192.168.1.100', '2014-05-10 23:35:14', '1', '402881e445e4b8990145e4b9515a0043');
INSERT INTO `t_s_log` VALUES ('402881e445e6cb6f0145e6cbbd860000', 'MSIE 7.0', ': admin[]', '1', '192.168.1.100', '2014-05-10 23:41:23', '1', '402881e445e4b8990145e4b9515a0043');
INSERT INTO `t_s_log` VALUES ('402881e445e6db3b0145e6db92520000', 'MSIE 7.0', ': admin[]', '1', '192.168.1.100', '2014-05-10 23:58:40', '1', '402881e445e4b8990145e4b9515a0043');
INSERT INTO `t_s_log` VALUES ('402881e445e6e32c0145e6e387490000', 'MSIE 7.0', ': admin[]', '1', '192.168.1.100', '2014-05-11 00:07:22', '1', '402881e445e4b8990145e4b9515a0043');
INSERT INTO `t_s_log` VALUES ('402881e445e6e9660145e6ea9c450000', 'MSIE 7.0', ': admin[]', '1', '192.168.1.100', '2014-05-11 00:15:06', '1', '402881e445e4b8990145e4b9515a0043');
INSERT INTO `t_s_log` VALUES ('402881e445e6e9660145e6f8f1170002', 'MSIE 7.0', '', '3', '192.168.1.100', '2014-05-11 00:30:45', '1', '402881e445e4b8990145e4b9515a0043');
INSERT INTO `t_s_log` VALUES ('402881e445e6e9660145e6f8ffdc0003', 'MSIE 7.0', '', '4', '192.168.1.100', '2014-05-11 00:30:49', '1', '402881e445e4b8990145e4b9515a0043');
INSERT INTO `t_s_log` VALUES ('402881e445e8e2f10145e8e420f50000', 'MSIE 7.0', ': admin[]', '1', '192.168.1.100', '2014-05-11 09:27:15', '1', '402881e445e4b8990145e4b9515a0043');
INSERT INTO `t_s_log` VALUES ('402881e445e8ea500145e8eaba0d0000', 'MSIE 7.0', ': admin[]', '1', '192.168.1.100', '2014-05-11 09:34:28', '1', '402881e445e4b8990145e4b9515a0043');
INSERT INTO `t_s_log` VALUES ('402881e445e8ecfb0145e8eda4be0000', 'MSIE 7.0', ': admin[]', '1', '192.168.1.100', '2014-05-11 09:37:39', '1', '402881e445e4b8990145e4b9515a0043');
INSERT INTO `t_s_log` VALUES ('402881e445e8ee370145e8ef1b8c0000', 'MSIE 7.0', ': admin[]', '1', '192.168.1.100', '2014-05-11 09:39:15', '1', '402881e445e4b8990145e4b9515a0043');
INSERT INTO `t_s_log` VALUES ('402881e445e8f51f0145e8f5c3c10000', 'MSIE 7.0', ': admin[]', '1', '192.168.1.100', '2014-05-11 09:46:31', '1', '402881e445e4b8990145e4b9515a0043');
INSERT INTO `t_s_log` VALUES ('402881e445e8fdde0145e8fe4ebb0000', 'MSIE 7.0', ': admin[]', '1', '192.168.1.100', '2014-05-11 09:55:51', '1', '402881e445e4b8990145e4b9515a0043');
INSERT INTO `t_s_log` VALUES ('4028828c4622044c01462204b4920000', 'MSIE 7.0', ': admin[]', '1', '192.168.2.12', '2014-05-22 11:41:12', '1', '402881e445e4b8990145e4b9515a0043');
INSERT INTO `t_s_log` VALUES ('4028829846417dbd01464182920e0000', 'MSIE 7.0', ': admin[]', '1', '192.168.2.24', '2014-05-28 14:26:54', '1', '402881e445e4b8990145e4b9515a0043');
INSERT INTO `t_s_log` VALUES ('4028829846417dbd01464183ffae0001', 'MSIE 7.0', ': admin[]', '1', '192.168.2.24', '2014-05-28 14:28:28', '1', '402881e445e4b8990145e4b9515a0043');

-- ----------------------------
-- Table structure for `t_s_operation`
-- ----------------------------
DROP TABLE IF EXISTS `t_s_operation`;
CREATE TABLE `t_s_operation` (
  `ID` varchar(32) NOT NULL,
  `operationcode` varchar(50) default NULL,
  `operationicon` varchar(100) default NULL,
  `operationname` varchar(50) default NULL,
  `status` smallint(6) default NULL,
  `functionid` varchar(32) default NULL,
  `iconid` varchar(32) default NULL,
  PRIMARY KEY  (`ID`),
  KEY `FK_pceuy41wr2fjbcilyc7mk3m1f` (`functionid`),
  KEY `FK_ny5de7922l39ta2pkhyspd5f` (`iconid`),
  CONSTRAINT `FK_ny5de7922l39ta2pkhyspd5f` FOREIGN KEY (`iconid`) REFERENCES `t_s_icon` (`ID`),
  CONSTRAINT `FK_pceuy41wr2fjbcilyc7mk3m1f` FOREIGN KEY (`functionid`) REFERENCES `t_s_function` (`ID`)
) ENGINE=InnoDB DEFAULT CHARSET=utf8;

-- ----------------------------
-- Records of t_s_operation
-- ----------------------------
INSERT INTO `t_s_operation` VALUES ('402881e445e4b8990145e4b952740069', 'add', null, '', null, '402881e445e4b8990145e4b950be002b', '402881e445e4b8990145e4b94fd40000');
INSERT INTO `t_s_operation` VALUES ('402881e445e4b8990145e4b95274006a', 'edit', null, '', null, '402881e445e4b8990145e4b950be002b', '402881e445e4b8990145e4b94fd40000');
INSERT INTO `t_s_operation` VALUES ('402881e445e4b8990145e4b95274006b', 'del', null, '', null, '402881e445e4b8990145e4b950be002b', '402881e445e4b8990145e4b94fd40000');
INSERT INTO `t_s_operation` VALUES ('402881e445e4b8990145e4b95283006c', 'szqm', null, '', null, '402881e445e4b8990145e4b950be002b', '402881e445e4b8990145e4b94fd40000');

-- ----------------------------
-- Table structure for `t_s_opintemplate`
-- ----------------------------
DROP TABLE IF EXISTS `t_s_opintemplate`;
CREATE TABLE `t_s_opintemplate` (
  `ID` varchar(32) NOT NULL,
  `descript` varchar(100) default NULL,
  PRIMARY KEY  (`ID`)
) ENGINE=InnoDB DEFAULT CHARSET=utf8;

-- ----------------------------
-- Records of t_s_opintemplate
-- ----------------------------

-- ----------------------------
-- Table structure for `t_s_role`
-- ----------------------------
DROP TABLE IF EXISTS `t_s_role`;
CREATE TABLE `t_s_role` (
  `ID` varchar(32) NOT NULL,
  `rolecode` varchar(10) default NULL,
  `rolename` varchar(100) NOT NULL,
  PRIMARY KEY  (`ID`)
) ENGINE=InnoDB DEFAULT CHARSET=utf8;

-- ----------------------------
-- Records of t_s_role
-- ----------------------------
INSERT INTO `t_s_role` VALUES ('402881e445e4b8990145e4b9513b0041', 'admin', '');
INSERT INTO `t_s_role` VALUES ('402881e445e4b8990145e4b9514a0042', 'manager', '');

-- ----------------------------
-- Table structure for `t_s_role_function`
-- ----------------------------
DROP TABLE IF EXISTS `t_s_role_function`;
CREATE TABLE `t_s_role_function` (
  `ID` varchar(32) NOT NULL,
  `operation` varchar(100) default NULL,
  `functionid` varchar(32) default NULL,
  `roleid` varchar(32) default NULL,
  PRIMARY KEY  (`ID`),
  KEY `FK_fvsillj2cxyk5thnuu625urab` (`functionid`),
  KEY `FK_9dww3p4w8jwvlrgwhpitsbfif` (`roleid`),
  CONSTRAINT `FK_9dww3p4w8jwvlrgwhpitsbfif` FOREIGN KEY (`roleid`) REFERENCES `t_s_role` (`ID`),
  CONSTRAINT `FK_fvsillj2cxyk5thnuu625urab` FOREIGN KEY (`functionid`) REFERENCES `t_s_function` (`ID`)
) ENGINE=InnoDB DEFAULT CHARSET=utf8;

-- ----------------------------
-- Records of t_s_role_function
-- ----------------------------
INSERT INTO `t_s_role_function` VALUES ('402881e445e4b8990145e4b95293006d', null, '402881e445e4b8990145e4b950700018', '402881e445e4b8990145e4b9513b0041');
INSERT INTO `t_s_role_function` VALUES ('402881e445e4b8990145e4b952a2006e', null, '402881e445e4b8990145e4b950700018', '402881e445e4b8990145e4b9514a0042');
INSERT INTO `t_s_role_function` VALUES ('402881e445e4b8990145e4b952a2006f', null, '402881e445e4b8990145e4b950700019', '402881e445e4b8990145e4b9513b0041');
INSERT INTO `t_s_role_function` VALUES ('402881e445e4b8990145e4b952a20070', null, '402881e445e4b8990145e4b950700019', '402881e445e4b8990145e4b9514a0042');
INSERT INTO `t_s_role_function` VALUES ('402881e445e4b8990145e4b952b20071', null, '402881e445e4b8990145e4b95070001a', '402881e445e4b8990145e4b9513b0041');
INSERT INTO `t_s_role_function` VALUES ('402881e445e4b8990145e4b952b20072', null, '402881e445e4b8990145e4b95070001a', '402881e445e4b8990145e4b9514a0042');
INSERT INTO `t_s_role_function` VALUES ('402881e445e4b8990145e4b952b20073', null, '402881e445e4b8990145e4b9507f001b', '402881e445e4b8990145e4b9513b0041');
INSERT INTO `t_s_role_function` VALUES ('402881e445e4b8990145e4b952c20074', null, '402881e445e4b8990145e4b9507f001b', '402881e445e4b8990145e4b9514a0042');
INSERT INTO `t_s_role_function` VALUES ('402881e445e4b8990145e4b952c20075', null, '402881e445e4b8990145e4b9507f001c', '402881e445e4b8990145e4b9513b0041');
INSERT INTO `t_s_role_function` VALUES ('402881e445e4b8990145e4b952d10076', null, '402881e445e4b8990145e4b9507f001c', '402881e445e4b8990145e4b9514a0042');
INSERT INTO `t_s_role_function` VALUES ('402881e445e4b8990145e4b952d10077', null, '402881e445e4b8990145e4b9507f001d', '402881e445e4b8990145e4b9513b0041');
INSERT INTO `t_s_role_function` VALUES ('402881e445e4b8990145e4b952d10078', null, '402881e445e4b8990145e4b9507f001d', '402881e445e4b8990145e4b9514a0042');
INSERT INTO `t_s_role_function` VALUES ('402881e445e4b8990145e4b952d10079', null, '402881e445e4b8990145e4b9507f001e', '402881e445e4b8990145e4b9513b0041');
INSERT INTO `t_s_role_function` VALUES ('402881e445e4b8990145e4b952e1007a', null, '402881e445e4b8990145e4b9507f001e', '402881e445e4b8990145e4b9514a0042');
INSERT INTO `t_s_role_function` VALUES ('402881e445e4b8990145e4b952e1007b', null, '402881e445e4b8990145e4b9507f001f', '402881e445e4b8990145e4b9513b0041');
INSERT INTO `t_s_role_function` VALUES ('402881e445e4b8990145e4b952e1007c', null, '402881e445e4b8990145e4b9507f001f', '402881e445e4b8990145e4b9514a0042');
INSERT INTO `t_s_role_function` VALUES ('402881e445e4b8990145e4b952f0007d', null, '402881e445e4b8990145e4b9508f0020', '402881e445e4b8990145e4b9513b0041');
INSERT INTO `t_s_role_function` VALUES ('402881e445e4b8990145e4b952f0007e', null, '402881e445e4b8990145e4b9508f0020', '402881e445e4b8990145e4b9514a0042');
INSERT INTO `t_s_role_function` VALUES ('402881e445e4b8990145e4b952f0007f', null, '402881e445e4b8990145e4b9509f0021', '402881e445e4b8990145e4b9513b0041');
INSERT INTO `t_s_role_function` VALUES ('402881e445e4b8990145e4b953000080', null, '402881e445e4b8990145e4b9509f0021', '402881e445e4b8990145e4b9514a0042');
INSERT INTO `t_s_role_function` VALUES ('402881e445e4b8990145e4b953000081', null, '402881e445e4b8990145e4b9509f0022', '402881e445e4b8990145e4b9513b0041');
INSERT INTO `t_s_role_function` VALUES ('402881e445e4b8990145e4b953000082', null, '402881e445e4b8990145e4b9509f0022', '402881e445e4b8990145e4b9514a0042');
INSERT INTO `t_s_role_function` VALUES ('402881e445e4b8990145e4b953100083', null, '402881e445e4b8990145e4b9509f0023', '402881e445e4b8990145e4b9513b0041');
INSERT INTO `t_s_role_function` VALUES ('402881e445e4b8990145e4b953100084', null, '402881e445e4b8990145e4b9509f0023', '402881e445e4b8990145e4b9514a0042');
INSERT INTO `t_s_role_function` VALUES ('402881e445e4b8990145e4b9531f0085', null, '402881e445e4b8990145e4b9509f0024', '402881e445e4b8990145e4b9513b0041');
INSERT INTO `t_s_role_function` VALUES ('402881e445e4b8990145e4b9531f0086', null, '402881e445e4b8990145e4b9509f0024', '402881e445e4b8990145e4b9514a0042');
INSERT INTO `t_s_role_function` VALUES ('402881e445e4b8990145e4b9531f0087', null, '402881e445e4b8990145e4b950ae0025', '402881e445e4b8990145e4b9513b0041');
INSERT INTO `t_s_role_function` VALUES ('402881e445e4b8990145e4b9532f0088', null, '402881e445e4b8990145e4b950ae0025', '402881e445e4b8990145e4b9514a0042');
INSERT INTO `t_s_role_function` VALUES ('402881e445e4b8990145e4b9532f0089', null, '402881e445e4b8990145e4b950ae0026', '402881e445e4b8990145e4b9513b0041');
INSERT INTO `t_s_role_function` VALUES ('402881e445e4b8990145e4b9532f008a', null, '402881e445e4b8990145e4b950ae0026', '402881e445e4b8990145e4b9514a0042');
INSERT INTO `t_s_role_function` VALUES ('402881e445e4b8990145e4b9533e008b', null, '402881e445e4b8990145e4b950ae0027', '402881e445e4b8990145e4b9513b0041');
INSERT INTO `t_s_role_function` VALUES ('402881e445e4b8990145e4b9533e008c', null, '402881e445e4b8990145e4b950ae0027', '402881e445e4b8990145e4b9514a0042');
INSERT INTO `t_s_role_function` VALUES ('402881e445e4b8990145e4b9534e008d', null, '402881e445e4b8990145e4b950be0028', '402881e445e4b8990145e4b9513b0041');
INSERT INTO `t_s_role_function` VALUES ('402881e445e4b8990145e4b9534e008e', null, '402881e445e4b8990145e4b950be0028', '402881e445e4b8990145e4b9514a0042');
INSERT INTO `t_s_role_function` VALUES ('402881e445e4b8990145e4b9534e008f', null, '402881e445e4b8990145e4b950be0029', '402881e445e4b8990145e4b9513b0041');
INSERT INTO `t_s_role_function` VALUES ('402881e445e4b8990145e4b9534e0090', null, '402881e445e4b8990145e4b950be0029', '402881e445e4b8990145e4b9514a0042');
INSERT INTO `t_s_role_function` VALUES ('402881e445e4b8990145e4b9534e0091', null, '402881e445e4b8990145e4b950be002a', '402881e445e4b8990145e4b9513b0041');
INSERT INTO `t_s_role_function` VALUES ('402881e445e4b8990145e4b9535e0092', null, '402881e445e4b8990145e4b950be002a', '402881e445e4b8990145e4b9514a0042');
INSERT INTO `t_s_role_function` VALUES ('402881e445e4b8990145e4b9535e0093', 'add,szqm,', '402881e445e4b8990145e4b950be002b', '402881e445e4b8990145e4b9513b0041');
INSERT INTO `t_s_role_function` VALUES ('402881e445e4b8990145e4b9535e0094', null, '402881e445e4b8990145e4b950be002b', '402881e445e4b8990145e4b9514a0042');
INSERT INTO `t_s_role_function` VALUES ('402881e445e4b8990145e4b9535e0095', null, '402881e445e4b8990145e4b950cd002c', '402881e445e4b8990145e4b9513b0041');
INSERT INTO `t_s_role_function` VALUES ('402881e445e4b8990145e4b9535e0096', null, '402881e445e4b8990145e4b950cd002c', '402881e445e4b8990145e4b9514a0042');
INSERT INTO `t_s_role_function` VALUES ('402881e445e4b8990145e4b9535e0097', null, '402881e445e4b8990145e4b950dd002d', '402881e445e4b8990145e4b9513b0041');
INSERT INTO `t_s_role_function` VALUES ('402881e445e4b8990145e4b9536d0098', null, '402881e445e4b8990145e4b950dd002d', '402881e445e4b8990145e4b9514a0042');
INSERT INTO `t_s_role_function` VALUES ('402881e445e4b8990145e4b9536d0099', null, '402881e445e4b8990145e4b950ed002e', '402881e445e4b8990145e4b9513b0041');
INSERT INTO `t_s_role_function` VALUES ('402881e445e4b8990145e4b9536d009a', null, '402881e445e4b8990145e4b950ed002e', '402881e445e4b8990145e4b9514a0042');
INSERT INTO `t_s_role_function` VALUES ('402881e445e4b8990145e4b9536d009b', null, '402881e445e4b8990145e4b950ed002f', '402881e445e4b8990145e4b9513b0041');
INSERT INTO `t_s_role_function` VALUES ('402881e445e4b8990145e4b9536d009c', null, '402881e445e4b8990145e4b950ed002f', '402881e445e4b8990145e4b9514a0042');
INSERT INTO `t_s_role_function` VALUES ('402881e445e4b8990145e4b9536d009d', null, '402881e445e4b8990145e4b950ed0030', '402881e445e4b8990145e4b9513b0041');
INSERT INTO `t_s_role_function` VALUES ('402881e445e4b8990145e4b9536d009e', null, '402881e445e4b8990145e4b950ed0030', '402881e445e4b8990145e4b9514a0042');
INSERT INTO `t_s_role_function` VALUES ('402881e445e4b8990145e4b9537d009f', null, '402881e445e4b8990145e4b950fc0031', '402881e445e4b8990145e4b9513b0041');
INSERT INTO `t_s_role_function` VALUES ('402881e445e4b8990145e4b9537d00a0', null, '402881e445e4b8990145e4b950fc0031', '402881e445e4b8990145e4b9514a0042');
INSERT INTO `t_s_role_function` VALUES ('402881e445e4b8990145e4b9537d00a1', null, '402881e445e4b8990145e4b950fc0032', '402881e445e4b8990145e4b9513b0041');
INSERT INTO `t_s_role_function` VALUES ('402881e445e4b8990145e4b9537d00a2', null, '402881e445e4b8990145e4b950fc0032', '402881e445e4b8990145e4b9514a0042');
INSERT INTO `t_s_role_function` VALUES ('402881e445e4b8990145e4b9537d00a3', null, '402881e445e4b8990145e4b950fc0033', '402881e445e4b8990145e4b9513b0041');
INSERT INTO `t_s_role_function` VALUES ('402881e445e4b8990145e4b9537d00a4', null, '402881e445e4b8990145e4b950fc0033', '402881e445e4b8990145e4b9514a0042');
INSERT INTO `t_s_role_function` VALUES ('402881e445e4b8990145e4b9538c00a5', null, '402881e445e4b8990145e4b9510c0034', '402881e445e4b8990145e4b9513b0041');
INSERT INTO `t_s_role_function` VALUES ('402881e445e4b8990145e4b9538c00a6', null, '402881e445e4b8990145e4b9510c0034', '402881e445e4b8990145e4b9514a0042');
INSERT INTO `t_s_role_function` VALUES ('402881e445e4b8990145e4b9538c00a7', null, '402881e445e4b8990145e4b9510c0035', '402881e445e4b8990145e4b9513b0041');
INSERT INTO `t_s_role_function` VALUES ('402881e445e4b8990145e4b9538c00a8', null, '402881e445e4b8990145e4b9510c0035', '402881e445e4b8990145e4b9514a0042');
INSERT INTO `t_s_role_function` VALUES ('402881e445e4b8990145e4b9538c00a9', null, '402881e445e4b8990145e4b9510c0036', '402881e445e4b8990145e4b9513b0041');
INSERT INTO `t_s_role_function` VALUES ('402881e445e4b8990145e4b9539c00aa', null, '402881e445e4b8990145e4b9510c0036', '402881e445e4b8990145e4b9514a0042');
INSERT INTO `t_s_role_function` VALUES ('402881e445e4b8990145e4b9539c00ab', null, '402881e445e4b8990145e4b9511b0037', '402881e445e4b8990145e4b9513b0041');
INSERT INTO `t_s_role_function` VALUES ('402881e445e4b8990145e4b9539c00ac', null, '402881e445e4b8990145e4b9511b0037', '402881e445e4b8990145e4b9514a0042');
INSERT INTO `t_s_role_function` VALUES ('402881e445e4b8990145e4b9539c00ad', null, '402881e445e4b8990145e4b9511b0038', '402881e445e4b8990145e4b9513b0041');
INSERT INTO `t_s_role_function` VALUES ('402881e445e4b8990145e4b9539c00ae', null, '402881e445e4b8990145e4b9511b0038', '402881e445e4b8990145e4b9514a0042');
INSERT INTO `t_s_role_function` VALUES ('402881e445e4b8990145e4b9539c00af', null, '402881e445e4b8990145e4b9511b0039', '402881e445e4b8990145e4b9513b0041');
INSERT INTO `t_s_role_function` VALUES ('402881e445e4b8990145e4b953ac00b0', null, '402881e445e4b8990145e4b9511b0039', '402881e445e4b8990145e4b9514a0042');
INSERT INTO `t_s_role_function` VALUES ('402881e445e4b8990145e4b953ac00b1', null, '402881e445e4b8990145e4b9511b003a', '402881e445e4b8990145e4b9513b0041');
INSERT INTO `t_s_role_function` VALUES ('402881e445e4b8990145e4b953ac00b2', null, '402881e445e4b8990145e4b9511b003a', '402881e445e4b8990145e4b9514a0042');
INSERT INTO `t_s_role_function` VALUES ('402881e445e4b8990145e4b953ac00b3', null, '402881e445e4b8990145e4b9512b003b', '402881e445e4b8990145e4b9513b0041');
INSERT INTO `t_s_role_function` VALUES ('402881e445e4b8990145e4b953bb00b4', null, '402881e445e4b8990145e4b9512b003b', '402881e445e4b8990145e4b9514a0042');
INSERT INTO `t_s_role_function` VALUES ('402881e445e4b8990145e4b953bb00b5', null, '402881e445e4b8990145e4b9512b003c', '402881e445e4b8990145e4b9513b0041');
INSERT INTO `t_s_role_function` VALUES ('402881e445e4b8990145e4b953cb00b6', null, '402881e445e4b8990145e4b9512b003c', '402881e445e4b8990145e4b9514a0042');
INSERT INTO `t_s_role_function` VALUES ('402881e445e4b8990145e4b953cb00b7', null, '402881e445e4b8990145e4b9512b003d', '402881e445e4b8990145e4b9513b0041');
INSERT INTO `t_s_role_function` VALUES ('402881e445e4b8990145e4b953cb00b8', null, '402881e445e4b8990145e4b9512b003d', '402881e445e4b8990145e4b9514a0042');
INSERT INTO `t_s_role_function` VALUES ('402881e445e4b8990145e4b953cb00b9', null, '402881e445e4b8990145e4b9512b003e', '402881e445e4b8990145e4b9513b0041');
INSERT INTO `t_s_role_function` VALUES ('402881e445e4b8990145e4b953da00ba', null, '402881e445e4b8990145e4b9512b003e', '402881e445e4b8990145e4b9514a0042');
INSERT INTO `t_s_role_function` VALUES ('402881e445e4b8990145e4b953da00bb', null, '402881e445e4b8990145e4b9513b003f', '402881e445e4b8990145e4b9513b0041');
INSERT INTO `t_s_role_function` VALUES ('402881e445e4b8990145e4b953da00bc', null, '402881e445e4b8990145e4b9513b003f', '402881e445e4b8990145e4b9514a0042');
INSERT INTO `t_s_role_function` VALUES ('402881e445e4b8990145e4b953da00bd', null, '402881e445e4b8990145e4b9513b0040', '402881e445e4b8990145e4b9513b0041');
INSERT INTO `t_s_role_function` VALUES ('402881e445e4b8990145e4b953ea00be', null, '402881e445e4b8990145e4b9513b0040', '402881e445e4b8990145e4b9514a0042');
INSERT INTO `t_s_role_function` VALUES ('402881e445e4d06d0145e4d66ee6000a', null, '402881e445e4d06d0145e4d6458c0008', '402881e445e4b8990145e4b9513b0041');
INSERT INTO `t_s_role_function` VALUES ('402881e445e4d06d0145e4d66ef6000b', null, '402881e445e4d06d0145e4d504410003', '402881e445e4b8990145e4b9513b0041');
INSERT INTO `t_s_role_function` VALUES ('402881e445e4d06d0145e4d66ef6000c', null, '402881e445e4d06d0145e4d456480001', '402881e445e4b8990145e4b9513b0041');
INSERT INTO `t_s_role_function` VALUES ('402881e445e4df710145e4e72af8000e', null, '402881e445e4df710145e4e465d10005', '402881e445e4b8990145e4b9513b0041');
INSERT INTO `t_s_role_function` VALUES ('402881e445e4df710145e4e72af8000f', null, '402881e445e4df710145e4e6157e0009', '402881e445e4b8990145e4b9513b0041');
INSERT INTO `t_s_role_function` VALUES ('402881e445e4df710145e4e72af80010', null, '402881e445e4df710145e4e6f14f000c', '402881e445e4b8990145e4b9513b0041');
INSERT INTO `t_s_role_function` VALUES ('402881e445e4df710145e4e72af80011', null, '402881e445e4df710145e4e59d280007', '402881e445e4b8990145e4b9513b0041');

-- ----------------------------
-- Table structure for `t_s_role_user`
-- ----------------------------
DROP TABLE IF EXISTS `t_s_role_user`;
CREATE TABLE `t_s_role_user` (
  `ID` varchar(32) NOT NULL,
  `roleid` varchar(32) default NULL,
  `userid` varchar(32) default NULL,
  PRIMARY KEY  (`ID`),
  KEY `FK_n2ucxeorvpjy7qhnmuem01kbx` (`roleid`),
  KEY `FK_d4qb5xld2pfb0bkjx9iwtolda` (`userid`),
  CONSTRAINT `FK_d4qb5xld2pfb0bkjx9iwtolda` FOREIGN KEY (`userid`) REFERENCES `t_s_user` (`id`),
  CONSTRAINT `FK_n2ucxeorvpjy7qhnmuem01kbx` FOREIGN KEY (`roleid`) REFERENCES `t_s_role` (`ID`)
) ENGINE=InnoDB DEFAULT CHARSET=utf8;

-- ----------------------------
-- Records of t_s_role_user
-- ----------------------------
INSERT INTO `t_s_role_user` VALUES ('402881e445e4b8990145e4b953fa00bf', '402881e445e4b8990145e4b9513b0041', '402881e445e4b8990145e4b9515a0043');
INSERT INTO `t_s_role_user` VALUES ('402881e445e4b8990145e4b953fa00c0', '402881e445e4b8990145e4b9513b0041', '402881e445e4b8990145e4b9515a0043');
INSERT INTO `t_s_role_user` VALUES ('402881e445e4b8990145e4b953fa00c1', '402881e445e4b8990145e4b9514a0042', '402881e445e4b8990145e4b951690044');
INSERT INTO `t_s_role_user` VALUES ('402881e445e4b8990145e4b9540900c2', '402881e445e4b8990145e4b9513b0041', '402881e445e4b8990145e4b951690045');
INSERT INTO `t_s_role_user` VALUES ('402881e445e4b8990145e4b9540900c3', '402881e445e4b8990145e4b9513b0041', '402881e445e4b8990145e4b951790046');

-- ----------------------------
-- Table structure for `t_s_student`
-- ----------------------------
DROP TABLE IF EXISTS `t_s_student`;
CREATE TABLE `t_s_student` (
  `ID` varchar(32) NOT NULL,
  `classname` varchar(255) default NULL,
  `name` varchar(255) default NULL,
  `sex` varchar(255) default NULL,
  PRIMARY KEY  (`ID`)
) ENGINE=InnoDB DEFAULT CHARSET=utf8;

-- ----------------------------
-- Records of t_s_student
-- ----------------------------
INSERT INTO `t_s_student` VALUES ('402881e445e4b8990145e4b9582f0165', '1', '', 'f');
INSERT INTO `t_s_student` VALUES ('402881e445e4b8990145e4b9582f0166', '1', '', 'f');
INSERT INTO `t_s_student` VALUES ('402881e445e4b8990145e4b9582f0167', '1', '', 'm');
INSERT INTO `t_s_student` VALUES ('402881e445e4b8990145e4b9583f0168', '1', '', 'f');
INSERT INTO `t_s_student` VALUES ('402881e445e4b8990145e4b9583f0169', '2', '', 'f');
INSERT INTO `t_s_student` VALUES ('402881e445e4b8990145e4b9583f016a', '2', '', 'f');
INSERT INTO `t_s_student` VALUES ('402881e445e4b8990145e4b9583f016b', '2', '', 'm');
INSERT INTO `t_s_student` VALUES ('402881e445e4b8990145e4b9583f016c', '2', '', 'f');
INSERT INTO `t_s_student` VALUES ('402881e445e4b8990145e4b9584e016d', '3', '', 'f');
INSERT INTO `t_s_student` VALUES ('402881e445e4b8990145e4b9584e016e', '3', '', 'f');
INSERT INTO `t_s_student` VALUES ('402881e445e4b8990145e4b9584e016f', '3', '', 'm');
INSERT INTO `t_s_student` VALUES ('402881e445e4b8990145e4b9585e0170', '3', '', 'f');
INSERT INTO `t_s_student` VALUES ('402881e445e4b8990145e4b9585e0171', '3', '', 'm');
INSERT INTO `t_s_student` VALUES ('402881e445e4b8990145e4b9585e0172', '3', '', 'f');
INSERT INTO `t_s_student` VALUES ('402881e445e4b8990145e4b9585e0173', '4', '', 'f');
INSERT INTO `t_s_student` VALUES ('402881e445e4b8990145e4b9585e0174', '4', '', 'f');
INSERT INTO `t_s_student` VALUES ('402881e445e4b8990145e4b9586d0175', '4', '', 'm');
INSERT INTO `t_s_student` VALUES ('402881e445e4b8990145e4b9586d0176', '4', '', 'f');
INSERT INTO `t_s_student` VALUES ('402881e445e4b8990145e4b9586d0177', '5', '', 'm');
INSERT INTO `t_s_student` VALUES ('402881e445e4b8990145e4b9586d0178', '5', '', 'f');
INSERT INTO `t_s_student` VALUES ('402881e445e4b8990145e4b9586d0179', '5', '', 'm');
INSERT INTO `t_s_student` VALUES ('402881e445e4b8990145e4b9586d017a', '5', '', 'm');
INSERT INTO `t_s_student` VALUES ('402881e445e4b8990145e4b9586d017b', '5', '', 'm');
INSERT INTO `t_s_student` VALUES ('402881e445e4b8990145e4b9586d017c', '5', '', 'f');
INSERT INTO `t_s_student` VALUES ('402881e445e4b8990145e4b9586d017d', '5', '', 'm');
INSERT INTO `t_s_student` VALUES ('402881e445e4b8990145e4b9586d017e', '5', '', 'm');
INSERT INTO `t_s_student` VALUES ('402881e445e4b8990145e4b9587d017f', '5', '', 'm');

-- ----------------------------
-- Table structure for `t_s_territory`
-- ----------------------------
DROP TABLE IF EXISTS `t_s_territory`;
CREATE TABLE `t_s_territory` (
  `ID` varchar(32) NOT NULL,
  `territorycode` varchar(10) NOT NULL,
  `territorylevel` smallint(6) NOT NULL,
  `territoryname` varchar(50) NOT NULL,
  `territory_pinyin` varchar(40) default NULL,
  `territorysort` varchar(3) NOT NULL,
  `x_wgs84` double NOT NULL,
  `y_wgs84` double NOT NULL,
  `territoryparentid` varchar(32) default NULL,
  PRIMARY KEY  (`ID`)
) ENGINE=InnoDB DEFAULT CHARSET=utf8;

-- ----------------------------
-- Records of t_s_territory
-- ----------------------------
INSERT INTO `t_s_territory` VALUES ('1', '100', '1', '', 'qg', '0', '106.258754', '38.471318', '0');
INSERT INTO `t_s_territory` VALUES ('10', '00000016', '2', '', 'HNS', '0', '113.687228', '34.76819', '1');
INSERT INTO `t_s_territory` VALUES ('100', '371300', '3', '', 'LYS', '0', '118.356448', '35.104672', '18');
INSERT INTO `t_s_territory` VALUES ('1000', '370903', '4', '', 'DYQ', '0', '117.041582', '36.18799', '96');
INSERT INTO `t_s_territory` VALUES ('1001', '370921', '4', '', 'NYX', '0', '116.805797', '35.758787', '96');
INSERT INTO `t_s_territory` VALUES ('1002', '370923', '4', '', 'DPX', '0', '116.470304', '35.937102', '96');
INSERT INTO `t_s_territory` VALUES ('1003', '370982', '4', '', 'XTS', '0', '117.767953', '35.909032', '96');
INSERT INTO `t_s_territory` VALUES ('1004', '370983', '4', '', 'FCS', '0', '116.768358', '36.182571', '96');
INSERT INTO `t_s_territory` VALUES ('1005', '371002', '4', '', 'HCQ', '0', '122.123444', '37.501991', '97');
INSERT INTO `t_s_territory` VALUES ('1006', '371081', '4', '', 'WDS', '0', '122.058128', '37.1939129', '97');
INSERT INTO `t_s_territory` VALUES ('1007', '371082', '4', '', 'RCS', '0', '122.486676', '37.165249', '97');
INSERT INTO `t_s_territory` VALUES ('1008', '371083', '4', '', 'RSS', '0', '121.539764', '36.919816', '97');
INSERT INTO `t_s_territory` VALUES ('1009', '371102', '4', '', 'DGQ', '0', '119.462228', '35.425475', '98');
INSERT INTO `t_s_territory` VALUES ('101', '371400', '3', '', 'DZS', '0', '116.357465', '37.434093', '18');
INSERT INTO `t_s_territory` VALUES ('1010', '371103', '4', '', 'LSQ', '0', '119.318813', '35.121816', '98');
INSERT INTO `t_s_territory` VALUES ('1011', '371121', '4', '', 'WLX', '0', '119.208744', '35.750095', '98');
INSERT INTO `t_s_territory` VALUES ('1012', '371122', '4', '', 'JX', '0', '118.837131', '35.579868', '98');
INSERT INTO `t_s_territory` VALUES ('1013', '371202', '4', '', 'LCQ', '0', '117.659864', '36.203208', '99');
INSERT INTO `t_s_territory` VALUES ('1014', '371203', '4', '', 'GCQ', '0', '117.811355', '36.058572', '99');
INSERT INTO `t_s_territory` VALUES ('1015', '371302', '4', '', 'LSQ', '0', '118.347707', '35.051729', '100');
INSERT INTO `t_s_territory` VALUES ('1016', '371311', '4', '', 'LZQ', '0', '118.284786', '34.996741', '100');
INSERT INTO `t_s_territory` VALUES ('1017', '371312', '4', '', 'HDQ', '0', '118.402893', '35.089917', '100');
INSERT INTO `t_s_territory` VALUES ('1018', '371321', '4', '', 'YNX', '0', '118.465213', '35.549976', '100');
INSERT INTO `t_s_territory` VALUES ('1019', '371322', '4', '', 'TCX', '0', '118.367263', '34.613557', '100');
INSERT INTO `t_s_territory` VALUES ('102', '371500', '3', '', 'LCS', '0', '115.985371', '36.4567039', '18');
INSERT INTO `t_s_territory` VALUES ('1020', '371323', '4', '', 'YSX', '0', '118.627918', '35.79045', '100');
INSERT INTO `t_s_territory` VALUES ('1021', '371324', '4', '', 'CSX', '0', '118.07065', '34.857149', '100');
INSERT INTO `t_s_territory` VALUES ('1022', '371325', '4', '', 'FX', '0', '117.977868', '35.26634', '100');
INSERT INTO `t_s_territory` VALUES ('1023', '371326', '4', '', 'PYX', '0', '117.640352', '35.5059429', '100');
INSERT INTO `t_s_territory` VALUES ('1024', '371327', '4', '', 'JNX', '0', '118.835163', '35.174846', '100');
INSERT INTO `t_s_territory` VALUES ('1025', '371328', '4', '', 'MYX', '0', '117.945085', '35.710032', '100');
INSERT INTO `t_s_territory` VALUES ('1026', '371329', '4', '', 'LSX', '0', '118.650782', '34.919852', '100');
INSERT INTO `t_s_territory` VALUES ('1027', '371402', '4', '', 'DCQ', '0', '116.299434', '37.451272', '101');
INSERT INTO `t_s_territory` VALUES ('1028', '371421', '4', '', 'LX', '0', '116.576176', '37.33579', '101');
INSERT INTO `t_s_territory` VALUES ('1029', '371422', '4', '', 'NJX', '0', '116.800324', '37.652329', '101');
INSERT INTO `t_s_territory` VALUES ('103', '371600', '3', '', 'BZS', '0', '117.970703', '37.38199', '18');
INSERT INTO `t_s_territory` VALUES ('1030', '371423', '4', '', 'QYX', '0', '117.385123', '37.77539', '101');
INSERT INTO `t_s_territory` VALUES ('1031', '371424', '4', '', 'LYX', '0', '116.86665', '37.189864', '101');
INSERT INTO `t_s_territory` VALUES ('1032', '371425', '4', '', 'QHX', '0', '116.758917', '36.795011', '101');
INSERT INTO `t_s_territory` VALUES ('1033', '371426', '4', '', 'PYX', '0', '116.434187', '37.165419', '101');
INSERT INTO `t_s_territory` VALUES ('1034', '371427', '4', '', 'XJX', '0', '116.001726', '36.948371', '101');
INSERT INTO `t_s_territory` VALUES ('1035', '371428', '4', '', 'WCX', '0', '116.069302', '37.213311', '101');
INSERT INTO `t_s_territory` VALUES ('1036', '371481', '4', '', 'LLS', '0', '117.231935', '37.729907', '101');
INSERT INTO `t_s_territory` VALUES ('1037', '371482', '4', '', 'YCS', '0', '116.638387', '36.934259', '101');
INSERT INTO `t_s_territory` VALUES ('1038', '371502', '4', '', 'DCFQ', '0', '115.988484', '36.434697', '102');
INSERT INTO `t_s_territory` VALUES ('1039', '371521', '4', '', 'YGX', '0', '115.79182', '36.114392', '102');
INSERT INTO `t_s_territory` VALUES ('104', '371700', '3', '', 'HZS', '0', '115.480656', '35.23375', '18');
INSERT INTO `t_s_territory` VALUES ('1040', '371522', '4', '', 'SX', '0', '115.671191', '36.233599', '102');
INSERT INTO `t_s_territory` VALUES ('1041', '371523', '4', '', 'CPX', '0', '116.255282', '36.5807639', '102');
INSERT INTO `t_s_territory` VALUES ('1042', '371524', '4', '', 'DAX', '0', '116.24758', '36.334917', '102');
INSERT INTO `t_s_territory` VALUES ('1043', '371525', '4', '', 'GX', '0', '115.44274', '36.484009', '102');
INSERT INTO `t_s_territory` VALUES ('1044', '371526', '4', '', 'GTX', '0', '116.231478', '36.866062', '102');
INSERT INTO `t_s_territory` VALUES ('1045', '371581', '4', '', 'LQS', '0', '115.704881', '36.838277', '102');
INSERT INTO `t_s_territory` VALUES ('1046', '371602', '4', '', 'BCQ', '0', '118.019146', '37.43206', '103');
INSERT INTO `t_s_territory` VALUES ('1047', '371621', '4', '', 'HMX', '0', '117.510451', '37.489769', '103');
INSERT INTO `t_s_territory` VALUES ('1048', '371622', '4', '', 'YXX', '0', '117.578262', '37.641106', '103');
INSERT INTO `t_s_territory` VALUES ('1049', '371623', '4', '', 'WDX', '0', '117.625696', '37.770261', '103');
INSERT INTO `t_s_territory` VALUES ('1050', '371624', '4', '', 'ZHX', '0', '118.132199', '37.698281', '103');
INSERT INTO `t_s_territory` VALUES ('1051', '371625', '4', '', 'BXX', '0', '118.131815', '37.150226', '103');
INSERT INTO `t_s_territory` VALUES ('1052', '371626', '4', '', 'ZPX', '0', '117.743109', '36.862989', '103');
INSERT INTO `t_s_territory` VALUES ('1053', '371702', '4', '', 'MDQ', '0', '115.417827', '35.252512', '104');
INSERT INTO `t_s_territory` VALUES ('1054', '371721', '4', '', 'CX', '0', '115.542328', '34.825508', '104');
INSERT INTO `t_s_territory` VALUES ('1055', '371722', '4', '', 'DX', '0', '116.107428', '34.778808', '104');
INSERT INTO `t_s_territory` VALUES ('1056', '371723', '4', '', 'CWX', '0', '115.889765', '34.952459', '104');
INSERT INTO `t_s_territory` VALUES ('1057', '371724', '4', '', 'JYX', '0', '116.094674', '35.396261', '104');
INSERT INTO `t_s_territory` VALUES ('1058', '371725', '4', '', 'YCX', '0', '115.943613', '35.599758', '104');
INSERT INTO `t_s_territory` VALUES ('1059', '371726', '4', '', 'JCX', '0', '115.510193', '35.563408', '104');
INSERT INTO `t_s_territory` VALUES ('1060', '371727', '4', '', 'DTX', '0', '115.573094', '35.071', '104');
INSERT INTO `t_s_territory` VALUES ('1061', '371728', '4', '', 'DMX', '0', '115.089905', '35.289368', '104');
INSERT INTO `t_s_territory` VALUES ('11', '00000008', '2', '', 'HLJS', '0', '126.662507', '45.7421699', '1');
INSERT INTO `t_s_territory` VALUES ('12', '20000000', '2', '', 'SHS', '0', '121.473704', '31.230393', '1');
INSERT INTO `t_s_territory` VALUES ('13', '00000010', '2', '', 'JSS', '0', '118.763232', '32.061707', '1');
INSERT INTO `t_s_territory` VALUES ('14', '00000011', '2', '', 'ZJS', '0', '120.153676', '30.26586', '1');
INSERT INTO `t_s_territory` VALUES ('15', '00000012', '2', '', 'AHS', '0', '117.284923', '31.861184', '1');
INSERT INTO `t_s_territory` VALUES ('16', '00000013', '2', '', 'FJS', '0', '119.296506', '26.099933', '1');
INSERT INTO `t_s_territory` VALUES ('17', '00000014', '2', '', 'JXS', '0', '115.909175', '28.674424', '1');
INSERT INTO `t_s_territory` VALUES ('1739', '360102', '4', '', 'DHQ', '0', '115.89901', '28.6849159', '184');
INSERT INTO `t_s_territory` VALUES ('1740', '360103', '4', '', 'XHQ', '0', '115.877287', '28.656887', '184');
INSERT INTO `t_s_territory` VALUES ('1741', '360104', '4', '', 'QYPQ', '0', '115.925749', '28.621169', '184');
INSERT INTO `t_s_territory` VALUES ('1742', '360105', '4', '', 'WLQ', '0', '115.730994', '28.714869', '184');
INSERT INTO `t_s_territory` VALUES ('1743', '360111', '4', '', 'QSHQ', '0', '115.962144', '28.682985', '184');
INSERT INTO `t_s_territory` VALUES ('1744', '360121', '4', '', 'NCX', '0', '115.944162', '28.545459', '184');
INSERT INTO `t_s_territory` VALUES ('1745', '360122', '4', '', 'XJX', '0', '115.815233', '28.692437', '184');
INSERT INTO `t_s_territory` VALUES ('1746', '360123', '4', '', 'AYX', '0', '115.549199', '28.844429', '184');
INSERT INTO `t_s_territory` VALUES ('1747', '360124', '4', '', 'JXX', '0', '116.240924', '28.376918', '184');
INSERT INTO `t_s_territory` VALUES ('1748', '360202', '4', '', 'CJQ', '0', '117.183688', '29.27342', '185');
INSERT INTO `t_s_territory` VALUES ('1749', '360203', '4', '', 'ZSQ', '0', '117.202336', '29.301272', '185');
INSERT INTO `t_s_territory` VALUES ('1750', '360222', '4', '', 'FLX', '0', '117.215061', '29.351739', '185');
INSERT INTO `t_s_territory` VALUES ('1751', '360281', '4', '', 'LPS', '0', '117.129169', '28.961902', '185');
INSERT INTO `t_s_territory` VALUES ('1752', '360302', '4', '', 'AYQ', '0', '113.87073', '27.615202', '186');
INSERT INTO `t_s_territory` VALUES ('1753', '360313', '4', '', 'XDQ', '0', '113.733059', '27.640075', '186');
INSERT INTO `t_s_territory` VALUES ('1754', '360321', '4', '', 'LHX', '0', '113.961465', '27.127669', '186');
INSERT INTO `t_s_territory` VALUES ('1755', '360322', '4', '', 'SLX', '0', '113.795219', '27.880567', '186');
INSERT INTO `t_s_territory` VALUES ('1756', '360323', '4', '', 'LXX', '0', '114.029595', '27.631145', '186');
INSERT INTO `t_s_territory` VALUES ('1757', '360402', '4', '', 'LSQ', '0', '115.989212', '29.671775', '187');
INSERT INTO `t_s_territory` VALUES ('1758', '360403', '4', '', 'XYQ', '0', '115.990399', '29.72746', '187');
INSERT INTO `t_s_territory` VALUES ('1759', '360421', '4', '', 'JJX', '0', '115.911314', '29.608456', '187');
INSERT INTO `t_s_territory` VALUES ('1760', '360423', '4', '', 'WNX', '0', '115.100579', '29.256323', '187');
INSERT INTO `t_s_territory` VALUES ('1761', '360424', '4', '', 'XSX', '0', '114.547356', '29.025707', '187');
INSERT INTO `t_s_territory` VALUES ('1762', '360425', '4', '', 'YXX', '0', '115.809111', '29.021824', '187');
INSERT INTO `t_s_territory` VALUES ('1763', '360426', '4', '', 'DAX', '0', '115.756883', '29.314348', '187');
INSERT INTO `t_s_territory` VALUES ('1764', '360427', '4', '', 'XZX', '0', '116.044893', '29.448037', '187');
INSERT INTO `t_s_territory` VALUES ('1765', '360428', '4', '', 'DCX', '0', '116.204099', '29.273194', '187');
INSERT INTO `t_s_territory` VALUES ('1766', '360429', '4', '', 'HKX', '0', '116.220266', '29.73944', '187');
INSERT INTO `t_s_territory` VALUES ('1767', '360430', '4', '', 'PZX', '0', '116.549359', '29.896061', '187');
INSERT INTO `t_s_territory` VALUES ('1768', '360481', '4', '', 'RCS', '0', '115.681504', '29.673795', '187');
INSERT INTO `t_s_territory` VALUES ('1769', '360499', '4', '', 'GQC', '0', '115.774', '29.2417', '187');
INSERT INTO `t_s_territory` VALUES ('1770', '360502', '4', '', 'YSQ', '0', '114.944574', '27.80038', '188');
INSERT INTO `t_s_territory` VALUES ('1771', '360521', '4', '', 'FYX', '0', '114.692039', '27.814628', '188');
INSERT INTO `t_s_territory` VALUES ('1772', '360602', '4', '', 'YHQ', '0', '117.036676', '28.238797', '189');
INSERT INTO `t_s_territory` VALUES ('1773', '360622', '4', '', 'YJX', '0', '116.818871', '28.204174', '189');
INSERT INTO `t_s_territory` VALUES ('1774', '360681', '4', '', 'GXS', '0', '117.245497', '28.292519', '189');
INSERT INTO `t_s_territory` VALUES ('1775', '360702', '4', '', 'ZGQ', '0', '114.941826', '25.862827', '190');
INSERT INTO `t_s_territory` VALUES ('1776', '360721', '4', '', 'GX', '0', '115.011561', '25.860691', '190');
INSERT INTO `t_s_territory` VALUES ('1777', '360722', '4', '', 'XFX', '0', '114.922963', '25.386278', '190');
INSERT INTO `t_s_territory` VALUES ('1778', '360723', '4', '', 'DYX', '0', '114.362094', '25.401283', '190');
INSERT INTO `t_s_territory` VALUES ('1779', '360724', '4', '', 'SYX', '0', '114.551371', '25.784978', '190');
INSERT INTO `t_s_territory` VALUES ('1780', '360725', '4', '', 'CYX', '0', '114.308273', '25.681879', '190');
INSERT INTO `t_s_territory` VALUES ('1781', '360726', '4', '', 'AYX', '0', '115.393922', '25.136925', '190');
INSERT INTO `t_s_territory` VALUES ('1782', '360727', '4', '', 'LNX', '0', '114.789811', '24.911107', '190');
INSERT INTO `t_s_territory` VALUES ('1783', '360728', '4', '', 'DNX', '0', '115.027845', '24.78441', '190');
INSERT INTO `t_s_territory` VALUES ('1784', '360729', '4', '', 'QNX', '0', '114.530125', '24.742401', '190');
INSERT INTO `t_s_territory` VALUES ('1785', '360730', '4', '', 'NDX', '0', '116.009472', '26.470116', '190');
INSERT INTO `t_s_territory` VALUES ('1786', '360731', '4', '', 'YDX', '0', '115.41551', '25.952066', '190');
INSERT INTO `t_s_territory` VALUES ('1787', '360732', '4', '', 'XGX', '0', '115.36319', '26.337937', '190');
INSERT INTO `t_s_territory` VALUES ('1788', '360733', '4', '', 'HCX', '0', '115.786057', '25.600272', '190');
INSERT INTO `t_s_territory` VALUES ('1789', '360734', '4', '', 'YWX', '0', '115.646525', '24.963322', '190');
INSERT INTO `t_s_territory` VALUES ('1790', '360735', '4', '', 'SCX', '0', '116.354201', '26.32686', '190');
INSERT INTO `t_s_territory` VALUES ('1791', '360781', '4', '', 'RJS', '0', '116.02713', '25.885561', '190');
INSERT INTO `t_s_territory` VALUES ('1792', '360782', '4', '', 'NKS', '0', '114.765238', '25.661356', '190');
INSERT INTO `t_s_territory` VALUES ('1793', '360802', '4', '', 'JZQ', '0', '114.994307', '27.129975', '191');
INSERT INTO `t_s_territory` VALUES ('1794', '360803', '4', '', 'QYQ', '0', '115.01424', '27.081719', '191');
INSERT INTO `t_s_territory` VALUES ('1795', '360821', '4', '', 'JAX', '0', '114.907659', '27.040142', '191');
INSERT INTO `t_s_territory` VALUES ('1796', '360822', '4', '', 'JSX', '0', '115.135507', '27.229632', '191');
INSERT INTO `t_s_territory` VALUES ('1797', '360823', '4', '', 'XJX', '0', '115.316566', '27.582901', '191');
INSERT INTO `t_s_territory` VALUES ('1798', '360824', '4', '', 'XGX', '0', '115.393043', '27.740809', '191');
INSERT INTO `t_s_territory` VALUES ('1799', '360825', '4', '', 'YFX', '0', '115.441477', '27.317869', '191');
INSERT INTO `t_s_territory` VALUES ('18', '00000015', '2', '', 'SDS', '0', '117.020411', '36.668627', '1');
INSERT INTO `t_s_territory` VALUES ('1800', '360826', '4', '', 'THX', '0', '114.908861', '26.790231', '191');
INSERT INTO `t_s_territory` VALUES ('1801', '360827', '4', '', 'SCX', '0', '114.52098', '26.311894', '191');
INSERT INTO `t_s_territory` VALUES ('1802', '360828', '4', '', 'WAX', '0', '114.786256', '26.458257', '191');
INSERT INTO `t_s_territory` VALUES ('1803', '360829', '4', '', 'AFX', '0', '114.619893', '27.392874', '191');
INSERT INTO `t_s_territory` VALUES ('1804', '360830', '4', '', 'YXX', '0', '114.242675', '26.945233', '191');
INSERT INTO `t_s_territory` VALUES ('1805', '360881', '4', '', 'JGSS', '0', '114.289182', '26.748186', '191');
INSERT INTO `t_s_territory` VALUES ('1806', '360902', '4', '', 'YZQ', '0', '114.424657', '27.798846', '192');
INSERT INTO `t_s_territory` VALUES ('1807', '360921', '4', '', 'FXX', '0', '115.384904', '28.700806', '192');
INSERT INTO `t_s_territory` VALUES ('1808', '360922', '4', '', 'WZX', '0', '114.447551', '28.10455', '192');
INSERT INTO `t_s_territory` VALUES ('1809', '360923', '4', '', 'SGX', '0', '114.924494', '28.232827', '192');
INSERT INTO `t_s_territory` VALUES ('1810', '360924', '4', '', 'YFX', '0', '114.803542', '28.393613', '192');
INSERT INTO `t_s_territory` VALUES ('1811', '360925', '4', '', 'JAX', '0', '115.362629', '28.861475', '192');
INSERT INTO `t_s_territory` VALUES ('1812', '360926', '4', '', 'TGX', '0', '114.37098', '28.520747', '192');
INSERT INTO `t_s_territory` VALUES ('1813', '360981', '4', '', 'FCS', '0', '115.771195', '28.159325', '192');
INSERT INTO `t_s_territory` VALUES ('1814', '360982', '4', '', 'ZSS', '0', '115.546063', '28.055796', '192');
INSERT INTO `t_s_territory` VALUES ('1815', '360983', '4', '', 'GAS', '0', '115.375618', '28.417261', '192');
INSERT INTO `t_s_territory` VALUES ('1816', '361002', '4', '', 'LCQ', '0', '116.31136', '27.934529', '193');
INSERT INTO `t_s_territory` VALUES ('1817', '361021', '4', '', 'NCX', '0', '116.644658', '27.552748', '193');
INSERT INTO `t_s_territory` VALUES ('1818', '361022', '4', '', 'LCX', '0', '116.907508', '27.282382', '193');
INSERT INTO `t_s_territory` VALUES ('1819', '361023', '4', '', 'NFX', '0', '116.525725', '27.218445', '193');
INSERT INTO `t_s_territory` VALUES ('1820', '361024', '4', '', 'CRX', '0', '116.061164', '27.764681', '193');
INSERT INTO `t_s_territory` VALUES ('1821', '361025', '4', '', 'LAX', '0', '115.837895', '27.420441', '193');
INSERT INTO `t_s_territory` VALUES ('1822', '361026', '4', '', 'YHX', '0', '116.222128', '27.546146', '193');
INSERT INTO `t_s_territory` VALUES ('1823', '361027', '4', '', 'JXX', '0', '116.775435', '27.908337', '193');
INSERT INTO `t_s_territory` VALUES ('1824', '361028', '4', '', 'ZXX', '0', '117.060264', '27.706102', '193');
INSERT INTO `t_s_territory` VALUES ('1825', '361029', '4', '', 'DXX', '0', '116.590465', '28.236118', '193');
INSERT INTO `t_s_territory` VALUES ('1826', '361030', '4', '', 'GCX', '0', '116.325757', '26.837267', '193');
INSERT INTO `t_s_territory` VALUES ('1827', '361102', '4', '', 'XZQ', '0', '117.966823', '28.43121', '194');
INSERT INTO `t_s_territory` VALUES ('1828', '361121', '4', '', 'SRX', '0', '117.90785', '28.448983', '194');
INSERT INTO `t_s_territory` VALUES ('1829', '361122', '4', '', 'GFX', '0', '118.19124', '28.436286', '194');
INSERT INTO `t_s_territory` VALUES ('1830', '361123', '4', '', 'YSX', '0', '118.245124', '28.682055', '194');
INSERT INTO `t_s_territory` VALUES ('1831', '361124', '4', '', 'QSX', '0', '117.709451', '28.315217', '194');
INSERT INTO `t_s_territory` VALUES ('1832', '361125', '4', '', 'HFX', '0', '117.596452', '28.407118', '194');
INSERT INTO `t_s_territory` VALUES ('1833', '361126', '4', '', 'YYX', '0', '117.449588', '28.378044', '194');
INSERT INTO `t_s_territory` VALUES ('1834', '361127', '4', '', 'YGX', '0', '116.695647', '28.702302', '194');
INSERT INTO `t_s_territory` VALUES ('1835', '361128', '4', '', 'PYX', '0', '116.699746', '29.011699', '194');
INSERT INTO `t_s_territory` VALUES ('1836', '361129', '4', '', 'WNX', '0', '117.058445', '28.694582', '194');
INSERT INTO `t_s_territory` VALUES ('1837', '361130', '4', '', 'WYX', '0', '117.861911', '29.2480249', '194');
INSERT INTO `t_s_territory` VALUES ('1838', '361181', '4', '', 'DXS', '0', '117.578713', '28.946464', '194');
INSERT INTO `t_s_territory` VALUES ('1839', '370102', '4', '', 'LXQ', '0', '117.07653', '36.666344', '195');
INSERT INTO `t_s_territory` VALUES ('184', '360100', '3', '', 'NCS', '0', '115.858089', '28.68316', '17');
INSERT INTO `t_s_territory` VALUES ('1840', '370103', '4', '', 'SZQ', '0', '116.997475', '36.6511749', '195');
INSERT INTO `t_s_territory` VALUES ('1841', '370104', '4', '', 'HYQ', '0', '116.90113', '36.651301', '195');
INSERT INTO `t_s_territory` VALUES ('1842', '370105', '4', '', 'TQQ', '0', '116.987492', '36.678016', '195');
INSERT INTO `t_s_territory` VALUES ('1843', '370112', '4', '', 'LCQ', '0', '117.065222', '36.680171', '195');
INSERT INTO `t_s_territory` VALUES ('185', '360200', '3', '', 'JDZS', '0', '117.17842', '29.268836', '17');
INSERT INTO `t_s_territory` VALUES ('186', '360300', '3', '', 'PXS', '0', '113.854676', '27.622865', '17');
INSERT INTO `t_s_territory` VALUES ('187', '360400', '3', '', 'JJS', '0', '116.001951', '29.705103', '17');
INSERT INTO `t_s_territory` VALUES ('188', '360500', '3', '', 'XYS', '0', '114.91741', '27.817819', '17');
INSERT INTO `t_s_territory` VALUES ('189', '360600', '3', '', 'YTS', '0', '117.069202', '28.260189', '17');
INSERT INTO `t_s_territory` VALUES ('19', '00000017', '2', '', 'HBS', '0', '114.341921', '30.545861', '1');
INSERT INTO `t_s_territory` VALUES ('190', '360700', '3', '', 'GZS', '0', '114.935025', '25.831925', '17');
INSERT INTO `t_s_territory` VALUES ('191', '360800', '3', '', 'JAS', '0', '114.992912', '27.113039', '17');
INSERT INTO `t_s_territory` VALUES ('192', '360900', '3', '', 'YCS', '0', '114.416778', '27.815619', '17');
INSERT INTO `t_s_territory` VALUES ('193', '361000', '3', '', 'FZS', '0', '116.358176', '27.9492', '17');
INSERT INTO `t_s_territory` VALUES ('194', '361100', '3', '', 'SRS', '0', '117.943433', '28.454863', '17');
INSERT INTO `t_s_territory` VALUES ('195', '370100', '3', '', 'JNS', '0', '116.994917', '36.665282', '18');
INSERT INTO `t_s_territory` VALUES ('20', '00000018', '2', '', 'HNS', '0', '112.98381', '28.112444', '1');
INSERT INTO `t_s_territory` VALUES ('21', '40000000', '2', '', 'ZQS', '0', '106.551557', '29.56301', '1');
INSERT INTO `t_s_territory` VALUES ('22', '00000022', '2', '', 'SCS', '0', '104.075931', '30.651652', '1');
INSERT INTO `t_s_territory` VALUES ('23', '00000019', '2', '', 'GDS', '0', '113.266531', '23.132191', '1');
INSERT INTO `t_s_territory` VALUES ('24', '00000020', '2', '', 'GXZZZZQ', '0', '108.327546', '22.815478', '1');
INSERT INTO `t_s_territory` VALUES ('25', '00000021', '2', '', 'HNS', '0', '110.349229', '20.017378', '1');
INSERT INTO `t_s_territory` VALUES ('26', '810000', '2', '', 'XGTBXZQ', '0', '114.109497', '22.396428', '1');
INSERT INTO `t_s_territory` VALUES ('27', '820000', '2', '', 'AMTBXZQ', '0', '113.543873', '22.198745', '1');
INSERT INTO `t_s_territory` VALUES ('28', '00000023', '2', '', 'GZS', '0', '106.707116', '26.598026', '1');
INSERT INTO `t_s_territory` VALUES ('29', '00000024', '2', '', 'YNS', '0', '102.709812', '25.045359', '1');
INSERT INTO `t_s_territory` VALUES ('3', '00000006', '2', '', 'LNS', '0', '123.42944', '41.835441', '1');
INSERT INTO `t_s_territory` VALUES ('30', '00000025', '2', '', 'XCZZQ', '0', '91.1170059', '29.647951', '1');
INSERT INTO `t_s_territory` VALUES ('31', '00000026', '2', '', 'SXS', '0', '108.954239', '34.265472', '1');
INSERT INTO `t_s_territory` VALUES ('32', '00000027', '2', '', 'GSS', '0', '103.826308', '36.059421', '1');
INSERT INTO `t_s_territory` VALUES ('33', '00000028', '2', '', 'QHS', '0', '101.780199', '36.620901', '1');
INSERT INTO `t_s_territory` VALUES ('34', '00000029', '2', '', 'NXHZZZQ', '0', '106.258754', '38.471318', '1');
INSERT INTO `t_s_territory` VALUES ('35', '00000030', '2', '', 'XJWWEZZQ', '0', '87.6278119', '43.793028', '1');
INSERT INTO `t_s_territory` VALUES ('4', '00000007', '2', '', 'JLS', '0', '125.326065', '43.896082', '1');
INSERT INTO `t_s_territory` VALUES ('5', '10000000', '2', '', 'BJS', '0', '116.407413', '39.904214', '1');
INSERT INTO `t_s_territory` VALUES ('6', '30000000', '2', '', 'TJS', '0', '117.200983', '39.084158', '1');
INSERT INTO `t_s_territory` VALUES ('7', '00000003', '2', '', 'HBS', '0', '114.468665', '38.037057', '1');
INSERT INTO `t_s_territory` VALUES ('8', '00000004', '2', '', 'SXS', '0', '112.562569', '37.873376', '1');
INSERT INTO `t_s_territory` VALUES ('89', '370200', '3', '', 'QDS', '0', '120.382504', '36.06722', '18');
INSERT INTO `t_s_territory` VALUES ('9', '00000005', '2', '', 'NMGZZQ', '0', '111.765618', '40.817498', '1');
INSERT INTO `t_s_territory` VALUES ('90', '370300', '3', '', 'ZBS', '0', '118.055007', '36.813497', '18');
INSERT INTO `t_s_territory` VALUES ('91', '370400', '3', '', 'ZZS', '0', '117.323725', '34.810488', '18');
INSERT INTO `t_s_territory` VALUES ('92', '370500', '3', '', 'DYS', '0', '118.674767', '37.434751', '18');
INSERT INTO `t_s_territory` VALUES ('926', '370113', '4', '', 'CQQ', '0', '116.751959', '36.553691', '195');
INSERT INTO `t_s_territory` VALUES ('927', '370124', '4', '', 'PYX', '0', '116.456187', '36.289265', '195');
INSERT INTO `t_s_territory` VALUES ('928', '370125', '4', '', 'JYX', '0', '117.173529', '36.978547', '195');
INSERT INTO `t_s_territory` VALUES ('929', '370126', '4', '', 'SHX', '0', '117.157183', '37.309045', '195');
INSERT INTO `t_s_territory` VALUES ('93', '370600', '3', '', 'YTS', '0', '121.447926', '37.463819', '18');
INSERT INTO `t_s_territory` VALUES ('930', '370181', '4', '', 'ZQS', '0', '117.534326', '36.714015', '195');
INSERT INTO `t_s_territory` VALUES ('931', '370202', '4', '', 'SNQ', '0', '120.412392', '36.075651', '89');
INSERT INTO `t_s_territory` VALUES ('932', '370203', '4', '', 'SBQ', '0', '120.374801', '36.087661', '89');
INSERT INTO `t_s_territory` VALUES ('933', '370205', '4', '', 'SFQ', '0', '120.366454', '36.103993', '89');
INSERT INTO `t_s_territory` VALUES ('934', '370211', '4', '', 'HDQ', '0', '120.198054', '35.960935', '89');
INSERT INTO `t_s_territory` VALUES ('935', '370212', '4', '', 'LSQ', '0', '120.468956', '36.107538', '89');
INSERT INTO `t_s_territory` VALUES ('936', '370213', '4', '', 'LCQ', '0', '120.432864', '36.145476', '89');
INSERT INTO `t_s_territory` VALUES ('937', '370214', '4', '', 'CYQ', '0', '120.396529', '36.307061', '89');
INSERT INTO `t_s_territory` VALUES ('938', '370281', '4', '', 'JZS', '0', '120.033345', '36.264664', '89');
INSERT INTO `t_s_territory` VALUES ('939', '370282', '4', '', 'JMS', '0', '120.447162', '36.389401', '89');
INSERT INTO `t_s_territory` VALUES ('94', '370700', '3', '', 'WFS', '0', '119.16193', '36.706691', '18');
INSERT INTO `t_s_territory` VALUES ('940', '370283', '4', '', 'PDS', '0', '119.960014', '36.7867', '89');
INSERT INTO `t_s_territory` VALUES ('941', '370284', '4', '', 'JNS', '0', '120.04643', '35.8725', '89');
INSERT INTO `t_s_territory` VALUES ('942', '370285', '4', '', 'LXS', '0', '120.51769', '36.889084', '89');
INSERT INTO `t_s_territory` VALUES ('943', '370302', '4', '', 'ZCQ', '0', '117.966842', '36.643449', '90');
INSERT INTO `t_s_territory` VALUES ('944', '370303', '4', '', 'ZDQ', '0', '118.017656', '36.806773', '90');
INSERT INTO `t_s_territory` VALUES ('945', '370304', '4', '', 'BSQ', '0', '117.861698', '36.494752', '90');
INSERT INTO `t_s_territory` VALUES ('946', '370305', '4', '', 'LZQ', '0', '118.308977', '36.827343', '90');
INSERT INTO `t_s_territory` VALUES ('947', '370306', '4', '', 'ZCQ', '0', '117.869877', '36.803109', '90');
INSERT INTO `t_s_territory` VALUES ('948', '370321', '4', '', 'HTX', '0', '118.097955', '36.959623', '90');
INSERT INTO `t_s_territory` VALUES ('949', '370322', '4', '', 'GQX', '0', '117.826916', '37.171063', '90');
INSERT INTO `t_s_territory` VALUES ('95', '370800', '3', '', 'JNS', '0', '116.587099', '35.414921', '18');
INSERT INTO `t_s_territory` VALUES ('950', '370323', '4', '', 'YYX', '0', '118.170979', '36.184827', '90');
INSERT INTO `t_s_territory` VALUES ('951', '370402', '4', '', 'SZQ', '0', '117.556124', '34.864114', '91');
INSERT INTO `t_s_territory` VALUES ('952', '370403', '4', '', 'YCQ', '0', '117.263157', '34.795206', '91');
INSERT INTO `t_s_territory` VALUES ('953', '370404', '4', '', 'YCQ', '0', '117.590819', '34.772236', '91');
INSERT INTO `t_s_territory` VALUES ('954', '370405', '4', '', 'TEZQ', '0', '117.733832', '34.562528', '91');
INSERT INTO `t_s_territory` VALUES ('955', '370406', '4', '', 'STQ', '0', '117.461343', '35.099549', '91');
INSERT INTO `t_s_territory` VALUES ('956', '370481', '4', '', 'TZS', '0', '117.164388', '35.084021', '91');
INSERT INTO `t_s_territory` VALUES ('957', '370502', '4', '', 'DYQ', '0', '118.582184', '37.448964', '92');
INSERT INTO `t_s_territory` VALUES ('958', '370503', '4', '', 'HKQ', '0', '118.525579', '37.886138', '92');
INSERT INTO `t_s_territory` VALUES ('959', '370521', '4', '', 'KLX', '0', '118.547627', '37.58754', '92');
INSERT INTO `t_s_territory` VALUES ('960', '370522', '4', '', 'LJX', '0', '118.255273', '37.49026', '92');
INSERT INTO `t_s_territory` VALUES ('961', '370523', '4', '', 'GRX', '0', '118.407045', '37.0537', '92');
INSERT INTO `t_s_territory` VALUES ('962', '370602', '4', '', 'ZFQ', '0', '121.400031', '37.540687', '93');
INSERT INTO `t_s_territory` VALUES ('963', '370611', '4', '', 'FSQ', '0', '121.267697', '37.498051', '93');
INSERT INTO `t_s_territory` VALUES ('964', '370612', '4', '', 'MPQ', '0', '121.600512', '37.386901', '93');
INSERT INTO `t_s_territory` VALUES ('965', '370613', '4', '', 'LSQ', '0', '121.445304', '37.511305', '93');
INSERT INTO `t_s_territory` VALUES ('966', '370614', '4', '', 'KFQ', '0', '121.251001', '37.554683', '93');
INSERT INTO `t_s_territory` VALUES ('967', '370634', '4', '', 'CDX', '0', '120.736584', '37.921417', '93');
INSERT INTO `t_s_territory` VALUES ('968', '370681', '4', '', 'LKS', '0', '120.477836', '37.646064', '93');
INSERT INTO `t_s_territory` VALUES ('969', '370682', '4', '', 'LYS', '0', '120.711607', '36.97891', '93');
INSERT INTO `t_s_territory` VALUES ('970', '370683', '4', '', 'LZS', '0', '119.942327', '37.177017', '93');
INSERT INTO `t_s_territory` VALUES ('971', '370684', '4', '', 'PLS', '0', '120.758848', '37.810661', '93');
INSERT INTO `t_s_territory` VALUES ('972', '370685', '4', '', 'ZYS', '0', '120.434072', '37.355469', '93');
INSERT INTO `t_s_territory` VALUES ('973', '370686', '4', '', 'QXS', '0', '120.849675', '37.335123', '93');
INSERT INTO `t_s_territory` VALUES ('974', '370687', '4', '', 'HYS', '0', '121.158477', '36.776425', '93');
INSERT INTO `t_s_territory` VALUES ('975', '370702', '4', '', 'WCQ', '0', '119.024836', '36.7281', '94');
INSERT INTO `t_s_territory` VALUES ('976', '370703', '4', '', 'HTQ', '0', '119.219734', '36.775491', '94');
INSERT INTO `t_s_territory` VALUES ('977', '370704', '4', '', 'FZQ', '0', '119.166485', '36.654448', '94');
INSERT INTO `t_s_territory` VALUES ('978', '370705', '4', '', 'KWQ', '0', '119.132486', '36.707676', '94');
INSERT INTO `t_s_territory` VALUES ('979', '370724', '4', '', 'LQX', '0', '118.542982', '36.5125059', '94');
INSERT INTO `t_s_territory` VALUES ('980', '370725', '4', '', 'CLX', '0', '118.829914', '36.706945', '94');
INSERT INTO `t_s_territory` VALUES ('981', '370781', '4', '', 'QZS', '0', '118.479622', '36.684528', '94');
INSERT INTO `t_s_territory` VALUES ('982', '370782', '4', '', 'ZCS', '0', '119.410103', '35.995654', '94');
INSERT INTO `t_s_territory` VALUES ('983', '370783', '4', '', 'SGS', '0', '118.790652', '36.85548', '94');
INSERT INTO `t_s_territory` VALUES ('984', '370784', '4', '', 'AQS', '0', '119.218978', '36.478494', '94');
INSERT INTO `t_s_territory` VALUES ('985', '370785', '4', '', 'GMS', '0', '119.755597', '36.3825949', '94');
INSERT INTO `t_s_territory` VALUES ('986', '370786', '4', '', 'CYS', '0', '119.398525', '36.85882', '94');
INSERT INTO `t_s_territory` VALUES ('987', '370802', '4', '', 'SZQ', '0', '116.596614', '35.40819', '95');
INSERT INTO `t_s_territory` VALUES ('988', '370811', '4', '', 'RCQ', '0', '116.628562', '35.433727', '95');
INSERT INTO `t_s_territory` VALUES ('989', '370826', '4', '', 'WSX', '0', '117.128946', '34.8071', '95');
INSERT INTO `t_s_territory` VALUES ('990', '370827', '4', '', 'YTX', '0', '116.650608', '35.012749', '95');
INSERT INTO `t_s_territory` VALUES ('991', '370828', '4', '', 'JXX', '0', '116.311532', '35.06662', '95');
INSERT INTO `t_s_territory` VALUES ('992', '370829', '4', '', 'JXX', '0', '116.342442', '35.407829', '95');
INSERT INTO `t_s_territory` VALUES ('993', '370830', '4', '', 'WSX', '0', '116.489043', '35.732799', '95');
INSERT INTO `t_s_territory` VALUES ('994', '370831', '4', '', 'SSX', '0', '117.251195', '35.664323', '95');
INSERT INTO `t_s_territory` VALUES ('995', '370832', '4', '', 'LSX', '0', '116.096044', '35.802306', '95');
INSERT INTO `t_s_territory` VALUES ('996', '370881', '4', '', 'QFS', '0', '116.986532', '35.581137', '95');
INSERT INTO `t_s_territory` VALUES ('997', '370882', '4', '', 'YZS', '0', '116.783834', '35.553144', '95');
INSERT INTO `t_s_territory` VALUES ('998', '370883', '4', '', 'ZCS', '0', '117.003743', '35.405185', '95');
INSERT INTO `t_s_territory` VALUES ('999', '370902', '4', '', 'TSQ', '0', '117.135354', '36.192084', '96');

-- ----------------------------
-- Table structure for `t_s_timetask`
-- ----------------------------
DROP TABLE IF EXISTS `t_s_timetask`;
CREATE TABLE `t_s_timetask` (
  `ID` varchar(32) NOT NULL,
  `CREATE_BY` varchar(32) default NULL,
  `CREATE_DATE` datetime default NULL,
  `CREATE_NAME` varchar(32) default NULL,
  `CRON_EXPRESSION` varchar(100) NOT NULL,
  `IS_EFFECT` varchar(1) NOT NULL,
  `IS_START` varchar(1) NOT NULL,
  `TASK_DESCRIBE` varchar(50) NOT NULL,
  `TASK_ID` varchar(100) NOT NULL,
  `UPDATE_BY` varchar(32) default NULL,
  `UPDATE_DATE` datetime default NULL,
  `UPDATE_NAME` varchar(32) default NULL,
  PRIMARY KEY  (`ID`)
) ENGINE=InnoDB DEFAULT CHARSET=utf8;

-- ----------------------------
-- Records of t_s_timetask
-- ----------------------------
INSERT INTO `t_s_timetask` VALUES ('402881e445e4b8990145e4b956d80159', null, null, null, '0 0/1 * * * ?', '0', '0', 'Demo', 'taskDemoServiceTaskCronTrigger', null, null, null);

-- ----------------------------
-- Table structure for `t_s_type`
-- ----------------------------
DROP TABLE IF EXISTS `t_s_type`;
CREATE TABLE `t_s_type` (
  `ID` varchar(32) NOT NULL,
  `typecode` varchar(50) default NULL,
  `typename` varchar(50) default NULL,
  `typepid` varchar(32) default NULL,
  `typegroupid` varchar(32) default NULL,
  PRIMARY KEY  (`ID`),
  KEY `FK_nw2b22gy7plh7pqows186odmq` (`typepid`),
  KEY `FK_3q40mr4ebtd0cvx79matl39x1` (`typegroupid`),
  CONSTRAINT `FK_3q40mr4ebtd0cvx79matl39x1` FOREIGN KEY (`typegroupid`) REFERENCES `t_s_typegroup` (`ID`),
  CONSTRAINT `FK_nw2b22gy7plh7pqows186odmq` FOREIGN KEY (`typepid`) REFERENCES `t_s_type` (`ID`)
) ENGINE=InnoDB DEFAULT CHARSET=utf8;

-- ----------------------------
-- Records of t_s_type
-- ----------------------------
INSERT INTO `t_s_type` VALUES ('402881e445e4b8990145e4b951e60051', '2', '', null, '402881e445e4b8990145e4b951790047');
INSERT INTO `t_s_type` VALUES ('402881e445e4b8990145e4b951f60052', '1', '', null, '402881e445e4b8990145e4b951790047');
INSERT INTO `t_s_type` VALUES ('402881e445e4b8990145e4b951f60053', 'files', '', null, '402881e445e4b8990145e4b951b7004f');
INSERT INTO `t_s_type` VALUES ('402881e445e4b8990145e4b951f60054', '1', '', null, '402881e445e4b8990145e4b951890048');
INSERT INTO `t_s_type` VALUES ('402881e445e4b8990145e4b952050055', '2', '', null, '402881e445e4b8990145e4b951890048');
INSERT INTO `t_s_type` VALUES ('402881e445e4b8990145e4b952050056', '1', '', null, '402881e445e4b8990145e4b951890049');
INSERT INTO `t_s_type` VALUES ('402881e445e4b8990145e4b952150057', '2', '', null, '402881e445e4b8990145e4b951890049');
INSERT INTO `t_s_type` VALUES ('402881e445e4b8990145e4b952150058', '1', '', null, '402881e445e4b8990145e4b95198004a');
INSERT INTO `t_s_type` VALUES ('402881e445e4b8990145e4b952150059', '2', '', null, '402881e445e4b8990145e4b95198004a');
INSERT INTO `t_s_type` VALUES ('402881e445e4b8990145e4b95225005a', 'single', '', null, '402881e445e4b8990145e4b95198004b');
INSERT INTO `t_s_type` VALUES ('402881e445e4b8990145e4b95225005b', 'group', '', null, '402881e445e4b8990145e4b95198004b');
INSERT INTO `t_s_type` VALUES ('402881e445e4b8990145e4b95225005c', 'Y', '', null, '402881e445e4b8990145e4b951a8004c');
INSERT INTO `t_s_type` VALUES ('402881e445e4b8990145e4b95235005d', 'N', '', null, '402881e445e4b8990145e4b951a8004c');
INSERT INTO `t_s_type` VALUES ('402881e445e4b8990145e4b95235005e', 'Integer', 'Integer', null, '402881e445e4b8990145e4b951a8004d');
INSERT INTO `t_s_type` VALUES ('402881e445e4b8990145e4b95235005f', 'Date', 'Date', null, '402881e445e4b8990145e4b951a8004d');
INSERT INTO `t_s_type` VALUES ('402881e445e4b8990145e4b952450060', 'String', 'String', null, '402881e445e4b8990145e4b951a8004d');
INSERT INTO `t_s_type` VALUES ('402881e445e4b8990145e4b952450061', 'Long', 'Long', null, '402881e445e4b8990145e4b951a8004d');
INSERT INTO `t_s_type` VALUES ('402881e445e4b8990145e4b952450062', 'act', '', null, '402881e445e4b8990145e4b951a8004e');
INSERT INTO `t_s_type` VALUES ('402881e445e4b8990145e4b952450063', 't_s', '', null, '402881e445e4b8990145e4b951a8004e');
INSERT INTO `t_s_type` VALUES ('402881e445e4b8990145e4b952540064', 't_b', '', null, '402881e445e4b8990145e4b951a8004e');
INSERT INTO `t_s_type` VALUES ('402881e445e4b8990145e4b952540065', 't_p', '', null, '402881e445e4b8990145e4b951a8004e');
INSERT INTO `t_s_type` VALUES ('402881e445e4b8990145e4b952540066', 'news', '', null, '402881e445e4b8990145e4b951b7004f');
INSERT INTO `t_s_type` VALUES ('402881e445e4b8990145e4b952540067', '0', '', null, '402881e445e4b8990145e4b951b70050');
INSERT INTO `t_s_type` VALUES ('402881e445e4b8990145e4b952640068', '1', '', null, '402881e445e4b8990145e4b951b70050');

-- ----------------------------
-- Table structure for `t_s_typegroup`
-- ----------------------------
DROP TABLE IF EXISTS `t_s_typegroup`;
CREATE TABLE `t_s_typegroup` (
  `ID` varchar(32) NOT NULL,
  `typegroupcode` varchar(50) default NULL,
  `typegroupname` varchar(50) default NULL,
  PRIMARY KEY  (`ID`)
) ENGINE=InnoDB DEFAULT CHARSET=utf8;

-- ----------------------------
-- Records of t_s_typegroup
-- ----------------------------
INSERT INTO `t_s_typegroup` VALUES ('402881e445e4b8990145e4b951790047', 'icontype', '');
INSERT INTO `t_s_typegroup` VALUES ('402881e445e4b8990145e4b951890048', 'order', '');
INSERT INTO `t_s_typegroup` VALUES ('402881e445e4b8990145e4b951890049', 'custom', '');
INSERT INTO `t_s_typegroup` VALUES ('402881e445e4b8990145e4b95198004a', 'service', '');
INSERT INTO `t_s_typegroup` VALUES ('402881e445e4b8990145e4b95198004b', 'searchmode', '');
INSERT INTO `t_s_typegroup` VALUES ('402881e445e4b8990145e4b951a8004c', 'yesorno', '');
INSERT INTO `t_s_typegroup` VALUES ('402881e445e4b8990145e4b951a8004d', 'fieldtype', '');
INSERT INTO `t_s_typegroup` VALUES ('402881e445e4b8990145e4b951a8004e', 'database', '');
INSERT INTO `t_s_typegroup` VALUES ('402881e445e4b8990145e4b951b7004f', 'fieltype', '');
INSERT INTO `t_s_typegroup` VALUES ('402881e445e4b8990145e4b951b70050', 'sex', '');

-- ----------------------------
-- Table structure for `t_s_user`
-- ----------------------------
DROP TABLE IF EXISTS `t_s_user`;
CREATE TABLE `t_s_user` (
  `email` varchar(50) default NULL,
  `mobilePhone` varchar(30) default NULL,
  `officePhone` varchar(20) default NULL,
  `signatureFile` varchar(100) default NULL,
  `id` varchar(32) NOT NULL,
  PRIMARY KEY  (`id`),
  KEY `FK_2cuji5h6yorrxgsr8ojndlmal` (`id`),
  CONSTRAINT `FK_2cuji5h6yorrxgsr8ojndlmal` FOREIGN KEY (`id`) REFERENCES `t_s_base_user` (`ID`)
) ENGINE=InnoDB DEFAULT CHARSET=utf8;

-- ----------------------------
-- Records of t_s_user
-- ----------------------------
INSERT INTO `t_s_user` VALUES (null, null, null, 'images/renfang/qm/licf.gif', '402881e445e4b8990145e4b9515a0043');
INSERT INTO `t_s_user` VALUES ('zhangdaiscott@163.com', '13426432910', '7496661', null, '402881e445e4b8990145e4b951690044');
INSERT INTO `t_s_user` VALUES (null, null, null, null, '402881e445e4b8990145e4b951690045');
INSERT INTO `t_s_user` VALUES (null, null, null, null, '402881e445e4b8990145e4b951790046');

-- ----------------------------
-- Table structure for `t_s_version`
-- ----------------------------
DROP TABLE IF EXISTS `t_s_version`;
CREATE TABLE `t_s_version` (
  `ID` varchar(32) NOT NULL,
  `loginpage` varchar(100) default NULL,
  `versioncode` varchar(50) default NULL,
  `versionname` varchar(30) default NULL,
  `versionnum` varchar(20) default NULL,
  PRIMARY KEY  (`ID`)
) ENGINE=InnoDB DEFAULT CHARSET=utf8;

-- ----------------------------
-- Records of t_s_version
-- ----------------------------

-- ----------------------------
-- Table structure for `user`
-- ----------------------------
DROP TABLE IF EXISTS `user`;
CREATE TABLE `user` (
  `id` int(11) NOT NULL auto_increment,
  `username` varchar(50) default NULL,
  `age` int(11) default NULL,
  `birthday` date default NULL,
  `image` blob,
  PRIMARY KEY  (`id`)
) ENGINE=InnoDB DEFAULT CHARSET=utf8;

-- ----------------------------
-- Records of user
-- ----------------------------
